Age;CreditScore;MaritalStatus;Education;Default
67;529;0;2;0
64;328;0;0;1
35;523;0;2;1
66;742;0;2;0
50;453;1;0;0
68;729;0;2;0
54;696;2;2;0
65;373;1;3;0
66;820;0;2;0
56;427;0;0;0
32;804;2;1;0
49;729;2;3;0
28;685;2;2;0
22;833;0;1;0
26;827;0;1;1
36;646;0;0;1
35;806;1;2;0
22;775;0;3;1
69;674;0;2;0
54;795;1;1;0
63;846;2;3;0
29;308;1;0;1
23;555;2;0;0
57;697;0;0;0
66;319;0;0;1
56;446;1;2;0
67;673;1;0;1
62;479;2;3;0
18;750;1;2;1
63;303;1;2;0
24;466;2;3;0
34;600;0;2;0
23;471;1;3;1
23;307;1;1;1
49;467;1;0;0
36;520;2;0;1
50;640;1;0;1
30;365;1;0;1
38;682;0;0;1
59;729;1;0;0
68;600;2;1;1
31;346;2;3;1
68;345;1;0;0
60;400;1;3;0
20;542;1;1;0
61;758;0;1;1
57;555;1;3;1
54;368;2;0;1
43;585;0;0;1
24;540;1;0;1
34;334;0;0;1
39;799;2;1;1
54;329;0;3;0
36;675;1;2;1
60;797;1;0;0
48;773;1;2;1
24;757;1;2;0
58;692;2;2;0
56;607;1;2;0
50;469;0;2;1
67;458;1;2;0
36;410;1;2;1
22;472;1;1;1
59;560;1;0;1
60;802;2;1;0
25;388;2;0;1
44;509;0;0;1
69;343;1;1;0
47;446;0;3;1
37;352;1;2;1
56;676;2;3;0
50;791;2;3;0
45;537;0;2;0
44;475;2;1;0
33;516;1;2;0
35;828;0;3;0
48;447;2;0;0
34;706;1;3;1
55;444;0;3;1
25;646;1;0;1
30;340;1;2;1
36;805;0;2;1
56;458;1;1;1
60;676;0;1;0
23;597;0;0;1
28;536;0;2;0
24;765;2;1;0
47;748;1;1;0
53;494;1;3;1
27;418;2;1;1
26;314;0;0;1
61;464;2;2;0
69;575;2;2;0
40;626;1;2;0
58;638;0;1;0
25;596;2;0;1
32;796;2;3;1
42;836;1;3;1
24;607;2;2;0
66;662;0;0;0
65;628;2;0;0
66;658;2;3;0
53;586;0;3;0
20;325;2;3;1
59;333;2;1;0
58;713;2;3;0
65;386;2;2;0
26;527;1;2;0
34;766;0;0;1
60;573;1;2;0
32;730;2;2;0
38;599;2;2;0
29;674;1;1;1
63;374;2;0;0
68;423;0;3;0
52;666;0;0;1
61;385;2;2;0
50;635;1;3;0
65;311;1;0;0
61;574;0;2;0
50;479;2;3;0
49;538;1;3;0
24;727;0;2;1
35;470;0;2;0
69;793;2;0;0
46;375;0;1;1
57;615;1;2;0
62;380;2;1;1
41;348;0;0;1
46;510;0;0;1
39;380;2;1;1
38;589;0;2;1
51;521;2;0;0
36;448;0;3;0
31;415;0;0;1
28;393;0;1;1
20;711;1;1;1
59;358;2;0;1
50;778;0;3;0
53;740;1;3;0
21;781;1;2;1
60;597;0;2;1
43;532;1;0;1
26;303;0;1;1
35;329;0;3;1
39;467;1;2;1
54;458;2;0;1
31;815;0;2;1
20;381;2;0;1
57;503;0;0;1
48;667;0;3;0
23;705;0;2;1
24;356;2;1;1
44;515;2;0;1
45;780;1;3;0
69;400;2;1;0
25;575;2;1;1
53;444;1;1;1
30;341;2;2;1
53;606;2;2;0
43;520;2;1;0
31;813;1;1;1
26;398;2;2;0
55;730;2;3;0
66;640;2;3;0
35;597;1;2;1
49;365;1;3;0
48;785;2;1;0
36;449;2;3;1
48;806;0;3;0
25;764;2;0;1
53;798;2;0;0
19;725;0;1;1
30;396;1;1;1
43;719;2;1;0
53;320;1;2;1
66;579;0;0;1
29;844;1;0;1
61;667;2;3;0
25;842;1;3;0
44;393;0;0;1
23;610;2;3;1
37;668;2;1;0
49;807;2;0;0
29;523;1;0;1
20;414;2;0;1
29;835;1;0;1
36;603;2;1;1
41;838;1;3;0
65;594;2;3;0
56;542;0;1;0
19;418;2;2;1
50;404;2;0;1
21;487;2;3;1
25;827;2;1;0
54;723;2;3;0
52;568;0;3;0
26;461;2;3;1
27;466;2;2;1
67;358;0;1;1
18;346;0;1;1
30;387;2;2;0
52;317;0;1;1
47;558;2;0;1
40;381;1;0;1
29;497;2;2;0
59;529;2;0;0
47;846;1;0;1
44;453;0;2;1
61;383;0;3;0
23;314;1;3;1
24;565;0;3;0
31;498;2;2;1
69;741;2;3;0
26;415;1;1;1
22;748;1;1;0
21;380;1;2;1
33;805;2;1;0
56;367;0;1;1
46;758;0;3;0
48;725;1;3;0
39;369;2;3;0
32;327;2;1;1
40;387;0;0;1
33;741;1;1;0
53;345;0;3;1
22;349;1;2;1
20;524;1;3;1
40;824;2;2;0
24;667;2;2;0
21;793;1;1;0
23;710;1;0;1
57;584;1;3;0
43;561;1;1;1
44;337;2;0;0
19;693;1;0;1
55;312;1;2;1
56;825;0;0;0
52;781;0;0;1
39;759;0;0;1
62;382;0;3;0
42;779;2;0;0
31;815;0;2;1
26;665;0;0;1
39;561;1;0;0
41;831;2;1;0
50;346;2;0;0
46;468;0;0;0
51;848;2;3;0
40;579;0;3;1
19;387;0;2;1
59;329;0;3;1
69;492;0;2;0
43;765;0;3;0
29;372;1;1;0
67;829;1;2;0
28;643;2;2;1
60;738;0;0;0
60;823;1;0;0
50;525;2;2;0
20;310;2;3;0
65;431;2;3;0
40;469;0;3;0
20;374;1;1;1
35;741;0;2;0
65;755;0;2;0
66;618;1;3;0
58;464;0;2;1
28;570;2;3;1
60;618;2;2;0
53;539;1;2;0
44;672;0;2;0
35;366;1;0;1
65;340;2;3;0
29;472;2;1;0
50;454;1;0;1
56;696;2;1;0
18;623;1;1;1
49;364;0;2;1
29;836;0;2;0
23;579;2;0;1
41;666;0;1;1
63;400;1;2;0
52;497;1;1;0
51;704;1;3;0
22;458;2;3;1
57;654;0;0;0
26;816;2;1;1
31;811;1;2;0
64;823;0;1;0
62;770;2;2;0
33;763;2;0;1
36;730;0;2;0
60;832;2;2;0
36;481;1;1;1
28;405;2;2;0
52;763;2;2;0
56;343;2;2;0
30;588;0;0;1
52;310;0;3;0
66;729;2;3;0
32;458;0;1;0
44;714;1;0;1
27;458;0;2;0
24;553;0;3;1
26;656;2;1;1
42;362;1;1;1
26;357;2;1;1
29;717;0;2;0
52;799;1;1;0
19;807;1;2;1
29;358;2;3;1
54;515;1;3;0
57;349;2;1;1
58;426;1;1;0
56;830;2;0;0
35;664;1;1;0
19;556;0;0;1
62;633;2;3;1
39;408;1;2;1
28;806;1;1;1
40;716;1;1;1
66;698;0;2;0
40;749;0;0;1
66;413;2;2;0
64;843;1;2;0
39;729;1;2;0
41;755;2;0;0
60;573;2;3;1
19;787;0;1;1
48;509;0;0;1
49;720;2;3;0
49;365;2;1;1
69;714;0;3;0
58;811;1;1;0
44;377;2;3;0
69;665;1;3;0
63;735;0;3;0
34;553;1;1;1
67;795;1;3;0
33;633;0;2;1
48;468;2;0;1
27;521;0;2;0
30;768;1;0;0
54;393;0;2;1
49;340;1;2;1
37;396;0;3;1
22;769;0;1;1
28;517;2;3;0
23;821;2;2;0
43;304;0;1;1
38;341;0;1;1
53;789;2;0;0
68;355;2;3;0
68;427;0;2;1
65;605;2;3;0
23;369;0;3;1
52;798;0;0;0
66;398;0;3;0
22;837;2;3;0
64;567;1;3;0
56;773;0;1;0
34;375;0;3;1
46;640;0;0;0
25;350;1;3;0
22;370;0;2;1
67;828;1;0;0
39;643;1;2;0
37;507;1;3;0
39;553;0;1;1
48;632;0;0;1
51;465;0;3;1
55;761;0;0;0
39;711;1;3;0
58;773;1;1;0
31;557;0;0;1
50;389;0;1;1
27;446;2;3;0
62;686;1;1;0
28;416;1;2;1
18;748;2;1;1
19;592;1;1;1
46;624;0;2;1
69;683;2;0;0
59;455;2;3;0
27;756;0;3;0
56;520;0;0;1
59;784;2;2;0
61;544;2;3;0
32;748;2;3;0
59;499;2;3;0
23;345;1;1;1
44;609;0;0;1
64;815;2;2;0
29;662;2;2;0
49;710;2;1;1
61;813;2;2;0
26;599;1;3;0
35;733;2;1;1
35;806;0;1;1
38;623;1;3;0
40;419;2;0;1
67;623;2;1;0
24;318;0;0;1
52;555;0;1;1
58;507;2;0;0
61;418;2;2;0
53;527;2;3;0
51;413;2;1;0
33;303;1;2;1
27;805;1;0;0
20;341;0;1;1
31;750;0;3;1
61;512;0;0;0
48;408;2;2;0
41;371;2;3;1
46;760;2;3;0
49;320;1;3;1
46;321;1;2;1
32;718;2;2;1
31;479;1;0;1
24;796;0;0;1
40;688;2;3;0
54;372;2;0;0
33;745;0;3;0
55;747;1;1;1
25;662;1;3;0
59;815;2;1;0
35;588;0;0;1
63;451;2;3;0
48;823;0;0;0
19;653;1;3;1
54;677;2;0;0
41;433;0;2;1
65;718;1;2;0
38;302;1;2;1
58;564;1;1;0
25;611;2;2;1
28;559;0;2;0
37;410;0;0;1
34;554;0;1;1
40;499;2;0;0
53;447;0;2;1
55;777;0;3;0
62;398;1;2;0
57;494;0;3;0
65;451;1;3;0
26;560;0;0;1
59;614;1;1;0
41;366;1;0;0
18;309;1;0;1
23;312;1;2;1
31;352;1;3;1
65;696;2;1;0
54;561;1;2;1
47;560;2;1;0
23;756;2;2;0
27;592;2;2;1
44;455;1;0;1
27;626;2;1;0
38;796;2;1;0
34;662;0;0;0
55;408;2;1;0
27;462;0;0;1
65;319;1;3;1
44;424;0;0;1
26;390;1;0;1
18;312;1;3;1
66;437;0;1;1
52;458;1;1;1
50;575;0;0;1
20;563;0;0;1
68;411;1;3;0
27;373;1;2;1
29;618;0;1;1
39;446;1;2;1
36;712;2;2;1
55;482;0;3;0
22;612;0;2;0
63;617;0;3;0
21;461;0;1;1
36;496;0;1;1
22;665;2;1;0
22;581;0;3;1
55;339;1;3;1
24;368;0;2;1
60;692;2;2;0
28;409;0;1;1
47;772;2;3;0
62;622;2;3;0
47;555;1;1;0
69;734;1;0;0
18;782;1;1;0
30;589;0;1;1
64;476;0;1;0
30;363;0;3;1
48;621;2;3;0
51;632;0;1;0
38;738;1;1;0
60;441;2;3;1
18;773;2;2;1
27;614;2;0;1
53;741;2;3;0
20;310;0;2;1
28;847;1;1;0
19;726;2;3;0
41;732;0;2;0
60;356;2;1;0
49;723;2;3;0
50;847;0;2;0
27;312;1;3;1
65;698;0;3;1
36;835;0;3;0
38;676;2;1;0
38;615;2;2;0
24;789;0;3;0
51;844;1;1;0
36;429;2;3;0
66;546;0;2;0
49;434;1;3;1
31;390;0;3;1
51;548;0;2;1
48;804;2;0;0
24;330;0;3;1
43;637;2;2;0
39;494;2;0;0
53;548;2;0;1
50;486;1;2;1
19;547;1;2;1
61;335;1;1;1
69;501;2;3;1
49;419;1;1;0
36;600;1;1;1
25;838;0;3;0
40;611;2;0;1
30;703;1;0;1
56;812;2;2;0
45;322;2;3;1
33;527;1;3;1
51;750;2;2;1
49;796;2;1;0
42;515;2;2;1
69;612;1;2;0
59;767;1;2;1
20;348;1;0;1
43;527;0;1;1
61;613;1;0;1
52;784;0;0;1
40;460;2;2;1
40;811;2;2;0
23;369;1;0;1
47;779;2;2;0
22;829;0;2;1
23;690;2;0;0
50;531;0;3;0
55;300;1;3;0
19;427;0;1;1
25;497;1;0;1
41;506;2;0;1
25;495;2;1;1
26;368;1;2;1
36;526;2;0;1
25;429;2;0;1
66;763;1;1;0
61;807;0;1;0
23;515;1;3;1
18;421;1;0;1
41;814;2;2;0
26;351;0;3;1
47;655;1;0;1
55;774;1;0;1
41;737;1;1;1
18;837;2;2;1
20;697;1;3;0
47;417;1;3;0
49;425;0;1;1
39;632;1;2;0
36;796;0;1;1
45;561;0;3;1
53;336;0;1;1
61;763;0;0;0
49;538;1;0;1
23;842;2;1;0
23;624;0;0;1
49;842;0;3;0
39;755;2;0;1
20;737;1;2;1
56;368;2;2;0
37;730;0;2;0
22;360;0;3;1
67;446;2;0;1
44;521;0;3;0
69;825;1;1;0
55;453;1;0;1
22;557;2;3;1
31;671;2;3;0
50;487;1;2;1
28;579;0;0;0
61;633;1;3;0
22;526;1;3;0
69;810;0;0;0
25;770;1;3;1
57;555;1;1;0
38;357;2;2;1
21;430;0;2;1
38;768;2;3;1
69;802;2;1;0
35;462;2;1;1
38;483;2;0;1
21;777;1;2;1
51;772;2;3;0
20;775;0;0;1
30;840;2;2;0
56;751;0;1;0
40;800;2;0;1
63;785;1;1;0
33;810;2;1;0
56;543;1;1;0
24;649;0;1;0
55;771;1;2;0
52;749;2;2;0
61;500;1;0;1
37;536;0;0;0
29;306;2;1;1
69;412;1;2;1
65;502;0;0;1
32;788;2;3;0
32;655;1;0;0
44;754;0;3;0
38;720;1;2;0
54;794;2;3;0
59;388;2;1;0
63;607;2;0;0
32;450;0;2;1
53;808;2;0;0
69;607;1;0;0
47;713;0;3;0
18;431;0;2;1
28;746;0;0;1
49;596;1;3;1
27;568;0;1;1
20;735;0;0;1
18;491;0;2;1
44;538;2;1;0
23;539;0;1;1
46;399;1;1;1
37;727;0;1;1
54;424;0;3;1
50;759;2;2;0
48;507;2;0;1
42;805;0;2;1
51;337;2;1;0
25;560;1;3;1
60;362;0;0;1
57;785;2;1;0
63;353;2;2;0
63;512;0;2;1
36;615;0;3;0
27;588;2;3;0
52;678;0;3;0
34;309;2;3;0
66;539;1;0;0
60;456;1;2;1
30;814;2;3;0
35;661;2;2;0
37;648;0;1;1
42;597;0;0;0
63;416;1;2;1
39;793;0;2;1
67;585;1;3;0
68;471;0;0;1
69;534;1;3;0
46;324;2;3;0
47;780;1;3;0
22;580;2;3;0
61;349;0;2;1
22;349;1;3;1
64;679;2;1;0
58;524;1;0;1
22;490;0;1;1
46;461;2;2;1
61;478;2;2;0
28;424;1;1;0
24;825;0;1;1
23;628;0;0;1
43;529;2;2;1
49;496;2;1;0
21;762;2;1;0
38;440;2;0;1
43;719;0;0;1
61;393;1;3;1
30;584;1;1;1
34;534;2;2;0
56;425;1;3;0
63;421;0;3;0
58;661;0;3;0
51;801;0;0;0
49;712;0;0;0
55;396;0;3;0
18;698;1;1;0
30;658;0;3;1
33;403;1;0;1
55;391;1;0;1
27;596;2;2;1
69;447;0;1;1
51;312;1;2;1
22;845;2;0;0
28;748;2;1;0
19;562;2;0;1
26;542;0;1;1
24;317;0;0;1
67;744;1;1;0
65;769;0;2;0
20;432;0;0;1
43;472;0;1;1
40;425;0;3;0
23;355;1;1;1
49;307;0;2;0
51;831;2;0;0
55;486;1;0;1
40;758;2;0;1
63;524;2;2;0
50;759;0;3;0
18;842;0;0;1
51;367;0;3;1
23;419;0;2;1
63;656;0;2;0
43;564;1;0;0
39;308;1;0;1
39;742;0;1;1
37;344;0;2;1
66;518;1;3;0
63;338;0;2;1
60;731;0;1;0
45;348;1;2;1
24;434;2;2;1
64;302;0;1;0
56;828;2;0;0
29;620;0;0;1
55;790;1;2;0
58;779;0;0;1
39;725;2;1;0
32;310;2;0;1
51;379;2;1;1
29;337;2;3;1
19;805;0;0;1
61;558;2;0;0
69;636;2;3;0
48;848;0;2;0
19;428;2;3;1
60;589;1;1;0
42;327;2;0;1
35;323;0;3;1
30;318;0;0;1
50;330;2;3;1
36;680;2;2;0
57;790;1;2;0
59;484;0;0;1
28;764;2;0;1
39;417;0;0;1
36;447;1;0;1
47;827;1;2;0
55;736;2;1;0
21;843;2;2;1
37;595;0;1;1
48;367;1;1;0
21;767;2;0;0
36;645;0;0;1
62;323;2;0;1
41;348;2;3;0
59;508;1;1;0
58;838;1;2;0
67;660;1;3;0
31;697;0;1;0
50;649;0;3;1
38;806;2;0;1
49;516;2;2;0
32;631;1;3;0
50;426;1;0;0
42;320;1;3;1
23;617;0;3;1
60;534;1;3;0
68;399;2;1;1
51;779;0;2;1
69;471;1;2;1
59;555;1;3;1
46;808;1;0;1
65;465;2;2;0
37;329;2;0;1
65;652;2;2;0
44;705;1;0;1
45;838;1;2;0
22;370;0;0;1
41;790;0;2;0
20;542;0;3;1
24;497;0;3;0
34;833;1;2;0
61;368;1;0;1
46;346;1;2;1
20;661;2;3;0
49;731;0;1;1
57;605;1;1;0
62;645;2;1;0
53;743;0;3;0
50;431;0;2;0
39;792;2;2;1
28;452;2;3;1
37;725;0;3;1
66;649;0;2;0
69;334;0;1;1
69;683;0;2;0
56;541;2;2;0
56;554;2;2;0
22;559;0;3;0
27;453;0;3;1
68;720;1;0;1
41;786;2;1;0
28;513;1;0;1
36;445;0;1;1
58;678;0;3;0
56;351;2;3;0
51;416;1;0;1
40;421;1;3;1
60;679;1;2;1
58;517;2;0;1
45;440;1;0;0
57;652;0;3;0
22;761;1;3;0
19;402;1;3;1
24;842;1;2;1
55;747;1;0;1
69;845;1;3;0
39;600;1;3;0
64;344;1;3;1
26;672;1;1;1
31;813;2;0;1
32;370;1;1;1
65;670;0;3;0
19;394;1;0;1
41;384;2;3;1
52;436;0;1;1
46;404;0;3;0
31;743;1;3;0
55;710;2;3;0
66;580;2;1;0
46;606;1;1;1
18;318;1;1;0
34;655;1;2;1
65;544;2;0;1
30;473;0;2;1
28;498;2;1;0
51;720;1;2;0
24;785;1;3;0
27;572;0;3;1
39;741;1;2;1
66;723;2;1;0
44;482;1;3;0
39;839;2;0;0
22;451;1;2;1
33;810;0;1;1
18;739;0;2;1
34;557;0;2;1
42;311;2;2;1
61;549;2;2;1
27;345;0;1;1
49;623;1;1;1
64;578;2;2;0
20;568;2;3;1
53;617;2;1;0
30;761;2;0;1
27;741;0;2;0
62;674;0;3;0
38;587;0;1;0
35;714;2;0;1
44;336;0;2;1
26;374;1;0;1
38;490;1;3;1
45;620;0;3;0
54;611;1;3;0
39;811;0;3;0
35;668;1;3;0
46;819;2;3;0
38;715;2;2;0
34;342;1;3;1
51;782;2;3;0
19;440;2;2;0
64;475;2;0;1
58;426;1;0;1
69;771;0;2;0
24;314;0;3;1
37;315;2;0;1
44;416;2;2;1
21;714;2;0;1
62;464;0;0;1
46;328;2;1;1
27;328;2;0;1
60;533;1;3;0
38;570;0;2;1
45;543;2;1;1
34;403;2;0;1
40;353;2;3;0
43;503;0;0;1
21;327;2;0;1
45;604;1;0;1
37;790;0;1;1
59;802;1;1;0
56;487;1;0;1
62;774;2;0;0
28;499;0;3;1
40;522;0;0;1
66;818;0;0;0
56;811;0;1;0
63;732;0;0;0
59;337;0;3;0
46;494;0;1;1
62;728;1;3;0
18;461;2;0;1
19;405;1;2;1
56;641;0;1;1
43;569;0;0;0
53;376;0;0;1
61;765;2;2;0
59;527;2;2;0
44;497;1;2;0
57;811;1;0;1
25;435;2;0;1
35;656;0;1;1
49;696;1;0;1
29;432;2;2;0
69;724;0;1;0
51;582;0;3;0
54;467;0;0;1
52;549;2;0;0
45;838;1;0;0
62;650;2;1;0
50;645;2;1;0
61;326;2;3;1
57;345;2;0;1
30;614;1;2;0
35;417;1;2;1
59;807;0;0;1
38;541;0;3;1
23;479;2;1;1
46;598;2;3;0
20;558;1;2;0
41;542;2;0;0
59;612;1;3;0
69;301;1;1;0
51;305;1;3;0
55;418;1;3;0
18;584;0;1;1
40;384;2;1;1
69;653;2;2;0
23;597;2;0;1
33;695;2;2;0
54;778;0;2;0
41;316;1;2;0
31;474;0;2;0
38;536;2;2;1
33;586;0;2;1
20;482;0;3;0
48;814;2;1;0
22;368;1;1;1
68;536;2;2;0
29;788;2;3;1
29;487;2;0;1
57;606;2;3;0
55;349;1;1;0
18;584;2;3;0
28;782;0;0;1
57;643;2;0;0
38;726;0;2;0
66;823;0;2;0
61;414;2;2;0
37;497;1;0;1
26;420;1;1;1
32;529;1;0;1
67;557;0;3;0
18;320;1;0;1
56;396;1;2;1
62;707;0;0;0
32;826;1;1;0
46;636;0;1;1
43;341;2;2;1
22;727;0;2;1
63;821;0;0;0
39;402;0;1;1
65;785;1;1;0
47;366;1;1;1
49;652;0;0;1
41;839;2;2;0
54;627;2;1;0
26;501;0;3;1
36;699;1;0;0
49;408;0;3;1
26;567;1;0;1
64;559;2;3;0
64;810;2;0;1
58;751;0;2;1
62;308;1;0;0
36;586;2;0;1
21;522;1;3;1
35;765;2;2;0
45;837;0;0;1
44;453;2;1;1
20;654;0;3;1
26;482;0;0;1
66;404;1;1;1
21;706;1;0;1
35;382;1;1;1
20;466;0;1;1
53;481;1;2;0
51;679;1;1;1
36;529;0;2;1
32;706;2;3;0
68;580;1;2;0
45;447;0;2;0
18;331;2;0;1
31;361;1;0;1
41;397;2;2;1
23;352;1;3;1
40;478;2;1;1
33;772;0;3;0
38;346;0;2;1
57;611;1;2;0
26;768;2;3;0
46;338;0;0;1
41;613;0;0;1
43;466;2;0;1
21;727;2;1;0
30;762;2;2;0
24;397;0;1;1
56;777;1;0;1
22;731;1;1;1
30;837;1;3;1
33;389;0;2;1
25;530;1;1;0
69;535;1;0;0
57;645;0;3;0
30;630;2;3;0
66;771;2;3;0
39;704;0;1;0
49;683;1;1;0
30;374;1;2;0
39;835;1;2;0
64;415;2;3;0
31;553;0;1;1
50;797;0;0;0
68;462;1;0;1
65;634;0;2;1
33;448;2;1;0
64;569;2;2;0
20;310;2;3;1
48;356;2;0;1
45;671;0;1;1
35;499;2;2;1
62;490;1;0;1
37;734;0;0;1
25;834;0;3;0
18;452;1;3;0
34;663;1;1;0
66;539;2;0;0
59;594;1;3;0
26;781;2;3;0
40;744;1;3;0
22;470;1;0;1
30;319;2;1;0
22;524;2;3;1
19;753;1;2;0
47;760;1;1;0
37;312;0;0;1
55;485;2;2;1
35;518;1;0;1
68;738;1;3;0
24;345;2;3;1
50;300;2;3;0
69;329;0;1;0
58;533;0;0;0
36;518;1;0;1
63;508;2;3;0
50;656;0;2;0
56;646;0;2;1
57;557;2;3;0
40;536;1;2;0
38;492;2;1;1
66;765;1;0;1
42;390;1;3;0
69;417;0;0;0
45;421;1;0;1
64;703;0;0;0
53;792;2;0;0
60;450;1;0;1
59;758;2;0;0
49;584;1;0;1
19;502;1;2;1
60;730;0;1;0
57;817;2;0;0
49;653;2;1;0
56;693;2;0;0
68;380;2;0;1
30;585;1;1;0
48;669;2;3;0
37;478;2;1;1
62;412;2;3;0
19;605;2;1;0
32;824;2;1;0
35;825;0;2;1
41;740;0;1;0
18;707;0;0;1
44;809;2;0;0
36;713;2;1;0
30;497;0;3;0
69;666;2;3;0
45;563;1;3;0
24;686;0;1;1
53;449;1;2;0
47;571;2;3;0
45;759;1;1;1
64;652;2;1;0
35;427;0;3;1
69;578;0;1;0
48;401;2;0;1
18;663;2;0;0
68;588;2;3;0
37;325;2;3;1
39;625;2;2;0
45;324;1;3;1
35;711;1;3;1
33;556;1;1;1
36;735;1;1;0
37;361;0;3;1
50;480;2;1;1
33;759;2;1;0
56;616;0;3;0
41;766;2;2;0
20;429;2;1;1
36;422;0;1;1
63;343;0;3;0
30;801;2;2;0
27;837;2;3;0
26;743;1;3;1
27;689;1;0;1
59;819;2;2;0
35;661;1;3;0
30;730;0;0;1
40;799;1;2;1
29;388;1;1;0
37;550;0;1;1
21;768;0;2;1
64;752;0;1;0
43;608;1;0;1
22;422;1;1;1
19;599;1;2;1
28;565;0;1;1
40;418;2;0;0
46;586;1;0;0
67;570;1;3;0
68;576;0;3;1
32;406;1;3;1
26;671;2;0;1
65;580;0;0;1
32;457;0;0;1
36;813;2;2;0
40;492;2;2;0
42;410;0;0;1
41;632;2;2;1
43;402;0;1;0
58;826;2;3;0
47;429;0;0;0
21;415;2;1;1
46;557;0;0;0
20;805;0;2;1
43;761;2;3;0
54;694;1;3;1
38;563;1;3;1
55;462;2;2;0
37;848;2;3;0
18;320;1;0;0
24;528;2;3;1
20;445;0;0;1
26;418;2;0;1
32;729;2;1;1
55;821;0;0;1
46;579;2;1;0
39;642;2;1;1
63;378;1;0;0
54;713;1;3;0
43;365;1;2;1
65;341;2;1;1
28;391;1;0;1
59;694;2;2;0
35;843;2;0;1
43;486;0;1;0
43;542;2;0;1
61;716;1;3;0
34;486;1;2;1
62;834;2;2;0
39;795;1;3;0
66;388;2;0;1
67;492;0;3;0
52;492;2;2;0
66;345;0;2;0
20;389;1;0;1
54;711;0;2;0
61;469;0;0;1
43;846;2;3;0
46;780;2;0;0
35;377;1;3;0
58;419;0;3;0
32;515;0;0;1
37;650;0;0;1
59;446;0;3;0
28;484;2;1;1
18;411;0;2;1
23;541;1;2;1
42;357;0;3;1
34;475;2;2;0
53;486;1;0;1
19;695;0;1;0
47;378;1;3;1
60;791;0;0;1
38;615;2;3;1
33;571;1;1;1
50;787;1;0;0
62;548;2;2;0
41;825;1;3;0
47;774;0;0;1
23;611;2;0;1
27;376;0;0;1
41;462;1;2;0
55;816;2;0;0
31;712;2;1;0
61;610;1;0;0
49;659;2;1;0
28;613;2;2;1
60;533;0;0;1
45;779;2;3;0
29;568;1;2;1
19;828;0;1;0
51;508;2;3;0
27;326;0;3;1
57;596;1;3;0
22;458;0;3;1
34;842;2;2;0
59;567;1;0;0
28;638;2;0;1
53;605;0;1;1
68;625;1;3;0
39;393;1;2;1
19;486;0;0;1
32;464;1;0;1
61;384;0;2;1
30;676;2;0;0
47;507;2;3;0
64;632;1;1;0
19;829;0;3;1
29;649;1;0;1
53;362;2;3;0
60;422;0;2;1
69;691;2;2;0
25;376;1;3;1
39;495;1;1;1
46;501;1;2;0
56;480;2;3;0
34;541;2;3;0
21;804;0;0;0
19;363;1;3;1
53;644;2;3;0
45;361;1;0;1
27;822;2;3;0
35;748;1;1;0
29;498;0;1;1
61;424;1;1;1
56;340;1;2;0
33;350;0;0;1
26;772;0;3;1
62;395;2;2;1
24;519;2;1;1
34;405;0;1;1
23;729;2;3;0
66;641;2;3;0
41;618;1;2;0
54;695;0;0;1
19;529;1;2;1
41;544;1;2;0
31;609;0;2;1
48;332;0;1;0
24;409;2;3;0
47;440;0;3;0
18;707;1;0;0
29;465;0;0;1
50;831;2;0;0
59;475;0;0;1
44;431;0;1;1
48;369;1;3;1
26;666;2;2;1
53;625;1;0;0
64;792;1;2;0
24;376;0;0;1
45;552;0;0;0
64;422;1;0;0
68;774;2;0;0
68;361;1;1;1
69;596;0;2;1
46;674;2;0;1
54;654;2;2;0
43;334;2;0;1
35;725;2;2;1
41;819;2;0;0
48;707;1;3;0
23;729;1;1;1
53;824;0;1;0
57;390;1;0;1
48;817;1;1;0
53;422;0;2;0
57;571;1;1;0
18;319;0;2;1
22;375;1;3;1
41;658;2;1;1
65;513;2;3;0
36;500;2;0;1
45;328;2;2;1
24;827;2;3;0
42;849;2;0;0
50;668;2;2;0
30;729;0;0;1
31;744;0;2;0
55;609;2;0;0
69;524;2;3;0
68;412;0;2;0
62;835;2;0;0
37;360;0;1;1
19;745;0;2;0
52;615;1;1;0
24;829;1;2;0
27;751;2;3;1
44;693;2;3;0
38;707;0;3;1
54;397;2;2;1
54;750;0;0;1
63;564;1;1;0
43;562;2;3;0
19;385;0;0;1
38;592;0;3;0
48;402;0;0;1
28;629;2;0;1
68;730;2;1;0
65;511;2;1;0
27;652;2;3;1
53;392;0;3;0
18;705;0;1;1
32;654;0;1;1
62;549;1;0;0
36;500;2;0;1
68;323;1;1;0
40;656;2;0;1
61;445;2;1;0
33;822;0;2;0
65;671;1;2;0
25;755;1;1;0
51;365;0;1;1
48;748;1;2;1
20;478;1;3;1
34;523;2;1;1
47;420;2;1;0
68;669;0;0;0
67;444;1;3;0
51;806;1;1;0
56;500;1;3;1
56;704;1;3;0
46;784;2;2;0
50;748;0;3;0
33;761;1;3;0
30;585;0;1;1
31;617;1;3;0
66;409;1;3;0
29;711;1;2;1
28;792;0;2;1
37;712;0;1;1
41;419;1;3;1
56;708;1;1;0
43;704;2;3;1
27;516;2;1;1
45;711;1;0;0
19;543;1;1;1
48;313;2;2;0
62;301;2;0;0
43;384;2;3;1
28;373;2;2;0
23;769;2;3;0
40;527;0;3;0
68;718;1;3;0
38;442;2;1;1
35;654;2;0;0
45;406;2;0;1
19;705;2;0;1
68;658;1;3;0
26;510;2;2;1
47;445;2;2;0
28;463;1;1;0
42;573;0;2;0
50;484;0;1;1
52;449;2;3;0
56;554;1;2;0
27;800;2;3;0
18;324;0;3;1
47;471;0;3;0
45;765;2;2;1
62;602;0;1;0
53;352;2;1;1
32;423;2;1;1
35;536;1;2;0
27;460;0;2;1
53;329;0;2;0
65;688;0;3;0
38;839;0;2;0
24;412;1;0;0
22;709;1;3;1
50;694;1;3;0
67;767;0;2;0
69;687;0;1;1
18;757;2;3;1
42;777;2;0;0
18;727;2;0;0
24;690;1;3;1
53;568;0;3;0
40;722;2;0;0
23;734;2;0;1
59;843;0;2;0
41;795;0;3;1
61;752;0;2;0
45;580;2;3;1
66;694;2;1;0
65;587;0;1;0
39;465;1;3;0
30;494;0;0;0
56;693;2;3;0
41;449;1;3;0
36;745;2;3;0
59;339;0;3;0
59;490;1;0;1
60;847;1;2;0
35;407;1;0;0
45;519;0;2;1
57;616;1;0;0
29;448;0;2;1
21;648;0;2;1
35;401;1;0;1
46;653;0;2;0
46;762;1;0;0
38;744;0;3;0
50;353;2;2;0
48;531;0;3;1
51;698;2;0;0
51;499;0;3;1
21;769;2;2;0
47;369;0;1;1
51;399;2;1;1
46;556;1;1;1
45;701;1;2;0
22;811;1;2;1
45;799;1;0;0
39;355;2;0;0
52;746;2;0;0
55;356;2;1;0
53;741;2;2;0
29;417;0;2;0
40;412;2;2;1
29;476;2;1;0
67;319;0;0;0
26;537;1;2;1
42;376;2;3;1
49;656;1;3;1
42;681;1;0;0
62;684;0;2;0
37;770;2;1;0
39;452;2;3;0
35;805;2;2;0
66;587;0;1;1
29;742;2;0;1
56;357;1;0;1
48;600;0;2;1
69;424;1;1;0
26;805;2;0;1
38;444;0;3;0
60;700;0;1;0
19;637;0;1;1
35;540;1;1;1
23;457;0;0;1
53;832;1;1;0
47;432;0;0;1
38;606;2;3;0
18;415;1;2;0
31;683;2;2;1
23;623;1;2;0
41;497;0;1;1
32;335;1;3;0
40;691;2;2;0
49;421;1;3;0
45;689;2;3;0
68;546;1;2;0
58;518;1;2;0
31;829;1;0;1
24;643;1;2;0
60;573;0;0;0
47;468;2;1;0
64;557;1;1;0
58;571;0;1;0
45;528;0;3;1
52;661;2;3;0
36;699;1;3;0
40;569;0;1;1
69;432;0;3;0
61;570;0;0;1
45;837;2;3;0
66;386;2;0;0
31;791;2;0;0
67;397;1;3;0
50;709;2;0;0
60;342;1;3;1
20;476;0;1;1
46;741;0;2;0
48;737;0;1;0
43;809;0;0;1
35;427;2;3;0
59;326;1;0;0
56;769;0;1;1
57;568;1;1;0
51;683;0;0;1
49;386;0;3;0
66;804;1;2;0
46;434;0;1;1
54;418;2;2;0
50;437;2;2;0
38;726;1;3;0
68;844;1;2;0
24;831;0;0;1
61;625;2;1;0
39;503;2;0;1
45;606;1;1;0
26;723;0;2;1
53;774;1;1;0
20;360;0;1;0
30;728;2;1;0
66;503;2;0;0
48;697;0;0;1
63;634;1;3;0
32;658;2;0;0
56;783;0;0;0
55;385;1;1;1
57;527;1;2;0
43;744;1;2;0
43;424;0;2;1
43;841;2;0;0
36;340;0;2;1
38;547;2;0;0
39;508;0;1;1
22;461;1;1;1
37;815;2;3;0
51;609;2;1;1
49;512;0;0;1
69;585;1;3;0
52;559;2;2;0
56;830;2;3;0
24;560;1;3;1
53;660;2;2;0
69;465;1;0;0
56;545;0;2;1
58;347;0;2;1
62;578;2;2;0
19;653;2;3;0
26;401;2;2;1
63;811;0;2;0
19;305;0;2;1
19;428;0;2;1
36;409;0;0;1
56;332;0;2;1
60;808;0;0;0
62;687;1;1;0
46;796;2;1;0
25;720;1;0;1
51;403;0;2;1
45;427;0;0;1
28;745;0;0;1
54;328;2;2;1
58;634;2;0;0
33;634;0;0;0
44;725;0;0;1
34;830;1;3;1
23;498;2;0;1
40;308;2;2;1
58;410;1;2;1
30;792;2;2;1
55;502;0;1;1
44;606;0;3;1
38;513;0;0;1
18;735;0;2;0
23;798;2;3;0
59;539;2;0;0
21;576;0;3;1
39;374;1;1;1
66;507;0;2;1
69;515;0;2;1
38;831;0;2;0
25;466;2;0;1
30;567;0;1;1
46;606;2;3;1
40;690;1;0;1
52;650;0;3;1
36;653;0;3;0
34;424;2;3;0
25;668;0;1;0
43;363;2;0;0
52;652;1;3;0
45;369;1;3;1
51;824;2;3;0
60;483;1;2;0
60;462;0;1;0
47;738;0;1;0
49;789;2;3;0
30;759;2;0;1
42;794;0;1;0
51;462;0;3;0
26;649;1;2;0
59;447;2;3;0
69;548;2;0;1
22;381;0;3;1
30;471;0;1;1
66;324;2;1;1
31;705;1;1;1
28;635;0;1;1
35;643;0;3;1
63;743;1;0;0
43;818;1;1;1
51;676;0;2;1
56;828;1;0;0
24;547;0;2;0
29;492;1;1;1
29;629;1;2;0
27;817;2;0;0
53;711;1;1;0
45;478;2;3;1
69;644;1;1;0
31;532;2;3;0
39;748;0;1;1
52;811;0;3;0
66;686;1;3;0
37;376;2;1;1
63;500;2;2;0
68;764;0;0;1
56;689;1;0;0
43;667;1;3;0
28;301;1;2;0
31;628;1;0;0
51;764;2;3;0
37;608;1;0;0
59;849;2;2;0
42;615;2;3;0
55;645;0;0;0
34;633;2;1;1
23;690;0;3;1
58;625;0;0;0
45;583;2;3;0
39;757;1;2;0
58;531;0;0;1
31;471;2;3;0
19;470;0;3;0
32;793;2;0;0
24;448;0;2;1
63;679;2;0;1
60;496;1;2;0
27;667;1;1;1
46;674;1;0;1
27;724;1;3;1
46;514;1;3;1
63;348;2;0;0
52;743;0;2;0
45;447;2;1;1
49;832;0;0;0
37;593;1;2;1
30;555;2;2;1
22;785;2;0;0
69;708;0;3;1
30;837;1;0;1
56;480;2;1;1
46;675;0;0;0
44;751;0;2;0
32;424;1;2;0
64;415;1;3;0
69;507;1;0;1
56;602;0;3;0
42;776;2;2;0
46;423;2;3;0
38;648;1;3;1
48;375;1;0;1
30;321;1;1;1
61;767;1;3;0
60;401;1;3;0
36;624;0;1;0
54;746;0;1;0
36;742;2;2;0
56;437;1;2;1
68;311;0;3;0
54;707;2;3;0
36;652;2;2;1
18;473;2;0;0
28;554;1;2;0
24;451;1;1;1
33;525;0;1;1
23;321;2;0;1
42;756;0;2;0
35;631;2;2;1
55;487;1;0;1
39;320;2;1;1
37;740;2;0;0
51;315;2;3;0
53;781;0;0;0
35;450;1;2;1
19;779;2;1;0
21;629;0;2;1
40;485;2;3;0
23;778;1;1;1
32;319;2;1;0
40;514;1;3;1
63;841;2;0;0
59;820;0;3;0
53;782;1;3;0
64;432;0;1;1
25;452;2;1;1
31;523;2;0;1
22;623;0;3;1
24;672;1;3;1
64;836;0;3;0
36;737;0;2;1
63;410;2;0;1
30;501;0;1;0
20;487;0;1;1
19;449;1;0;1
30;507;1;0;0
63;828;0;0;0
60;820;0;1;0
21;479;0;2;1
39;491;0;0;1
33;454;1;3;1
45;742;0;1;0
54;310;2;3;0
36;413;1;1;1
57;534;0;2;0
32;328;0;3;1
63;510;1;3;0
51;497;0;1;1
61;659;0;2;1
62;429;2;3;0
39;509;1;1;1
35;412;1;2;0
39;605;2;1;0
51;725;0;3;0
55;363;1;0;0
45;750;1;0;0
38;412;2;2;0
67;830;1;3;0
63;392;1;0;1
28;509;1;0;1
44;697;2;2;0
30;509;2;3;1
44;745;1;1;1
39;784;2;0;1
59;586;2;2;0
57;586;0;3;1
36;618;1;2;0
49;401;0;2;1
22;463;1;0;1
52;687;2;0;1
63;712;0;3;0
48;586;2;3;0
22;378;0;1;1
22;432;2;1;0
63;582;1;3;0
60;304;0;1;0
28;663;1;2;1
40;660;0;2;1
62;539;1;0;1
36;601;0;0;1
42;821;1;1;1
50;665;2;0;0
41;688;1;2;0
62;433;1;2;0
20;695;2;3;0
55;760;1;2;0
47;425;1;3;0
33;375;2;3;1
20;482;0;2;0
51;634;1;2;1
51;623;2;3;0
55;619;2;2;0
67;806;2;2;0
38;745;0;3;0
57;619;2;1;0
46;609;0;1;1
53;814;1;1;0
67;688;0;1;0
61;461;0;3;0
57;717;0;3;0
40;368;0;0;1
37;587;2;2;0
59;785;0;3;0
28;847;0;1;0
68;637;1;1;0
41;589;0;2;0
46;353;1;2;1
69;353;2;1;1
39;369;2;2;0
22;658;0;2;1
37;706;2;3;1
22;574;2;0;1
26;763;0;1;0
31;767;2;2;1
57;684;2;3;0
55;729;1;1;0
49;771;0;3;0
20;755;1;3;0
42;678;2;2;0
52;823;0;0;1
48;456;1;3;0
58;345;2;0;1
66;786;2;3;0
54;832;0;0;0
18;587;0;3;1
24;341;2;0;1
66;848;1;2;0
27;717;2;2;0
29;712;2;0;0
40;591;1;0;1
68;834;0;3;0
66;630;1;0;0
22;395;2;3;1
30;350;2;1;0
64;347;2;3;0
68;523;0;2;0
50;613;0;1;1
29;756;2;0;1
28;510;1;2;0
33;604;2;1;0
58;334;0;3;1
42;809;1;2;0
35;802;0;2;0
28;674;0;2;1
33;664;1;1;1
55;325;0;0;1
49;551;0;1;1
65;659;1;0;1
39;843;2;3;1
40;442;1;3;1
41;455;0;0;1
64;666;0;0;1
25;781;2;0;1
46;822;1;0;0
51;810;0;0;1
53;551;2;3;0
54;728;0;1;0
32;620;2;0;0
51;425;2;0;1
56;779;1;1;0
33;685;2;1;1
60;394;2;3;0
53;682;1;3;1
69;403;1;1;0
53;379;2;1;0
18;456;1;2;1
50;481;0;2;1
37;667;1;1;0
25;605;0;2;1
26;308;0;0;1
36;643;0;1;1
46;636;2;2;1
57;326;1;1;1
24;303;0;3;1
47;423;2;2;1
21;819;0;0;1
27;530;0;3;0
23;738;1;0;1
65;438;2;0;0
66;702;2;2;0
19;530;2;0;1
42;567;0;1;1
48;625;1;0;0
29;419;2;1;1
27;588;2;0;1
46;420;0;2;1
35;440;1;3;0
26;726;2;3;0
62;319;1;3;0
26;597;0;0;1
57;839;0;0;0
22;519;2;0;1
59;425;2;3;0
50;775;1;2;0
26;591;1;2;0
39;780;0;0;1
33;672;2;3;0
34;463;1;2;1
65;809;2;3;0
26;704;0;3;0
40;682;0;2;1
25;574;1;0;0
36;705;1;3;1
53;631;2;2;0
29;332;2;3;1
47;495;0;1;1
47;521;2;3;1
32;606;2;1;1
18;612;2;3;0
50;698;1;2;0
35;536;1;2;1
65;659;2;2;0
62;595;1;3;0
35;539;2;2;0
31;347;0;0;1
40;687;0;1;1
36;558;0;3;0
55;660;0;1;0
43;522;1;1;0
26;341;2;2;1
54;648;0;2;1
46;672;1;3;0
44;708;2;3;0
44;429;0;1;0
60;457;0;2;0
20;626;2;2;1
41;625;2;0;1
57;669;0;1;1
59;761;2;1;0
63;540;0;1;0
51;317;1;3;1
65;409;0;3;0
32;586;2;2;1
38;637;1;1;0
58;389;1;2;0
37;782;0;3;0
18;624;1;3;0
36;370;2;2;1
27;565;0;2;1
33;464;1;3;0
25;634;0;3;1
20;564;2;1;0
21;619;1;0;1
69;734;1;0;0
18;727;2;1;0
18;553;0;3;1
67;750;1;0;0
33;777;0;1;0
66;376;2;1;0
56;704;1;1;0
19;428;2;1;1
40;409;1;2;1
29;623;2;0;1
52;472;0;3;0
37;349;0;3;1
52;410;2;3;1
68;444;0;1;1
39;782;1;3;1
57;565;1;2;0
45;574;2;0;0
24;330;0;0;1
65;833;1;1;0
21;367;0;2;1
49;690;2;3;0
67;744;1;1;0
57;557;1;2;0
59;836;1;2;0
49;597;0;2;1
39;833;1;3;1
67;653;2;1;1
42;358;2;1;1
50;469;1;2;0
63;403;2;2;0
40;800;2;3;0
54;476;2;0;1
43;686;0;2;1
67;312;1;1;1
22;341;1;1;1
53;819;0;0;0
38;740;2;1;0
36;408;0;0;1
66;806;1;2;0
44;685;2;1;0
27;661;0;2;1
18;691;0;1;0
57;755;2;3;0
36;452;0;1;1
45;759;2;0;1
21;574;1;0;1
61;792;2;3;0
53;473;0;0;0
21;814;2;1;0
64;389;1;2;0
29;404;1;2;1
46;528;1;2;0
57;547;1;2;0
47;324;2;1;1
44;812;0;1;1
57;539;1;0;0
45;766;2;3;0
61;486;1;2;0
18;665;1;0;1
66;827;0;0;0
42;342;2;0;1
32;564;1;0;1
41;458;2;1;0
65;523;1;2;0
62;560;2;3;0
55;841;2;2;1
40;549;2;3;0
26;501;2;1;1
59;649;0;0;1
28;531;2;1;0
21;738;2;0;0
66;358;1;2;1
23;605;2;3;1
54;715;1;0;0
65;793;1;2;1
61;794;2;0;1
30;416;1;2;1
36;667;1;0;1
23;681;1;0;1
36;686;0;3;1
65;333;0;1;1
57;797;0;3;0
32;470;0;0;1
32;615;1;0;1
43;369;0;3;1
20;594;2;1;1
51;587;0;3;1
60;828;0;0;1
64;507;0;1;1
50;425;2;2;0
42;471;2;1;1
25;414;2;2;1
42;762;0;0;1
49;300;1;2;0
31;587;0;0;1
20;351;1;1;1
66;716;2;2;0
30;633;0;0;1
18;488;0;1;1
58;561;1;0;1
51;729;1;1;0
63;593;0;2;0
51;314;2;0;1
24;728;1;0;1
53;371;1;1;1
55;360;2;3;0
69;786;1;2;0
22;379;0;2;1
29;596;1;1;1
68;480;1;1;1
43;591;2;3;1
44;586;2;1;1
49;457;2;1;1
22;655;2;1;0
61;300;2;3;0
24;396;0;3;1
25;713;0;0;1
22;368;1;1;1
58;578;1;0;0
52;747;2;1;0
56;554;2;2;0
32;591;0;2;0
37;585;0;0;1
66;792;1;3;0
55;376;2;1;1
49;634;1;1;0
38;696;2;0;1
26;370;0;3;1
65;492;2;2;0
56;505;0;2;0
43;306;0;2;1
41;732;1;3;0
55;546;1;1;1
43;471;0;1;1
53;403;1;0;1
38;731;1;2;0
18;849;1;3;1
50;537;1;1;0
51;302;2;3;0
43;635;1;0;0
62;671;0;2;0
49;395;0;2;1
41;790;0;3;0
57;351;2;1;0
33;638;1;1;1
48;631;0;3;0
37;384;2;1;1
63;720;2;0;0
34;354;1;1;1
33;598;1;0;0
53;808;0;1;0
60;500;2;2;1
65;558;2;1;0
52;349;0;1;0
39;643;2;1;1
25;778;1;1;1
34;374;1;2;1
41;761;2;3;0
43;451;1;2;0
28;634;2;3;1
44;763;0;1;0
31;353;0;1;1
28;848;1;1;1
31;751;2;1;0
32;695;0;1;1
30;346;0;3;0
68;362;2;3;0
48;604;1;1;0
37;651;0;2;1
44;404;2;2;0
30;633;0;1;1
27;675;1;2;1
67;762;2;1;0
26;562;2;3;0
45;714;2;2;1
33;346;0;1;1
66;532;2;3;1
69;562;0;0;1
41;305;1;2;1
30;679;1;3;0
25;737;0;0;1
21;603;0;0;1
48;772;0;0;0
47;469;1;2;1
42;616;1;1;1
21;512;0;3;1
19;693;2;1;1
33;776;2;3;0
38;617;2;2;1
28;372;2;3;1
41;660;1;1;1
34;752;1;1;1
37;337;1;3;0
40;744;2;1;0
28;366;1;1;1
25;523;0;3;1
22;683;0;0;1
48;488;1;2;1
32;553;2;2;1
51;448;0;2;0
55;565;2;2;0
63;330;1;2;0
64;315;2;1;1
63;443;0;0;0
32;345;2;0;1
67;717;0;1;1
45;569;0;1;0
43;557;0;3;1
66;527;2;0;0
39;798;2;0;1
52;335;0;1;1
45;494;2;1;0
67;615;2;0;1
28;787;1;0;0
58;513;1;3;0
40;531;0;1;1
58;659;1;1;0
37;586;1;0;1
43;311;2;1;0
34;513;2;0;1
40;617;0;0;1
47;771;2;0;1
38;411;0;3;1
65;348;0;2;0
35;709;0;0;1
56;845;2;2;0
21;658;2;3;0
69;593;0;2;0
47;642;1;0;1
52;832;2;0;0
69;815;1;2;0
64;506;1;1;1
53;691;2;1;0
68;822;2;1;0
21;787;2;1;1
64;507;2;2;0
42;843;1;0;0
31;842;1;3;0
21;728;2;1;0
62;826;0;1;1
61;483;2;2;0
28;792;1;0;0
47;328;2;3;1
67;332;1;3;0
49;326;0;1;1
27;484;2;0;1
41;524;2;2;0
39;532;2;0;1
58;848;0;3;0
28;820;2;1;0
22;757;0;3;0
38;407;0;0;1
59;397;0;1;1
58;727;0;0;0
66;608;0;3;0
30;480;1;3;0
38;447;1;0;1
41;612;2;3;0
55;464;2;0;0
43;304;1;0;1
48;619;1;3;0
56;420;2;2;0
35;729;0;1;1
64;796;0;1;1
31;742;0;1;0
41;669;1;3;1
69;716;0;2;0
24;656;2;1;1
55;685;0;2;0
61;575;1;0;1
23;469;1;0;1
28;560;2;1;1
44;398;1;3;0
59;312;2;2;0
68;761;1;0;0
42;561;0;0;1
42;435;2;0;1
54;580;0;3;0
45;404;1;0;1
44;421;0;2;1
57;498;2;3;0
31;727;0;1;0
27;766;0;1;1
19;581;2;2;1
56;603;1;3;0
69;767;0;0;0
61;832;0;0;0
40;670;1;2;0
49;833;2;0;0
64;761;1;3;0
33;426;1;0;1
56;579;0;1;0
50;828;0;2;0
54;389;2;3;1
40;790;1;1;1
40;364;0;2;1
24;827;2;2;0
50;451;2;0;0
55;836;1;3;1
57;842;2;1;0
39;374;1;0;1
18;459;1;1;1
33;617;1;3;0
24;527;0;3;1
59;438;2;0;1
65;717;1;0;0
64;562;1;2;0
41;377;2;3;0
37;712;0;3;0
56;666;2;1;0
60;306;0;2;1
35;748;1;3;0
19;433;1;3;1
19;576;0;2;1
39;764;2;3;0
58;340;2;3;0
35;710;1;2;1
56;581;2;3;0
19;844;0;2;1
24;849;1;1;1
32;363;0;2;1
25;745;2;3;0
53;323;0;3;1
34;417;1;2;1
25;716;2;1;0
37;831;1;0;0
28;419;1;2;1
28;621;0;1;1
40;829;1;3;0
59;545;1;3;0
38;319;1;3;1
53;777;1;0;1
55;835;2;1;0
54;731;0;3;0
63;559;0;3;0
43;324;0;3;1
32;763;0;2;0
48;660;1;1;0
68;696;0;2;0
32;302;0;3;0
65;475;2;0;0
63;636;1;0;0
53;308;0;3;1
31;731;2;1;0
61;541;1;3;0
20;531;0;0;1
22;637;1;2;1
44;832;1;0;1
31;500;2;3;0
35;565;0;2;1
39;767;2;1;0
61;828;1;3;0
28;392;1;3;1
68;450;0;0;1
55;683;1;0;1
25;392;2;2;0
40;807;2;3;1
42;309;0;1;1
46;741;0;1;1
42;531;2;3;0
46;568;2;0;0
27;584;0;3;1
41;745;2;1;0
37;631;1;1;1
21;473;0;1;1
65;353;2;1;1
59;528;0;0;0
31;308;0;1;1
20;614;2;2;1
32;465;0;3;1
21;715;0;1;1
55;609;1;0;0
38;684;1;3;0
24;729;2;0;1
55;581;0;3;0
59;607;0;2;0
59;483;1;2;0
62;838;2;0;0
49;820;2;1;0
42;458;0;0;1
42;399;1;0;1
27;400;2;2;0
52;365;2;2;1
64;448;2;2;1
41;503;1;1;1
59;784;1;1;1
38;681;1;3;0
69;660;0;1;0
23;607;2;2;0
59;369;2;0;1
57;319;1;0;0
18;649;0;0;1
64;396;2;1;0
62;566;0;2;1
61;408;1;0;1
23;696;2;2;1
51;436;0;2;0
33;492;0;1;0
59;647;1;0;1
18;513;2;3;0
21;355;2;1;1
56;328;0;2;1
61;630;0;3;0
40;534;0;1;1
67;386;2;2;0
18;479;0;3;1
49;551;0;3;0
43;695;1;3;0
34;333;0;3;1
61;383;1;3;0
30;742;2;1;1
65;649;0;2;1
35;563;1;1;1
63;729;1;2;0
33;705;0;3;1
61;846;0;1;0
44;461;1;0;0
34;620;2;1;1
51;775;2;2;0
48;368;0;3;0
29;496;2;3;0
44;524;0;2;0
34;744;1;3;0
28;583;2;0;0
24;648;2;3;0
51;481;2;3;0
46;420;1;1;1
18;379;1;0;1
39;477;0;3;0
33;457;0;2;1
65;836;0;2;0
19;832;0;1;1
60;658;2;1;0
29;660;0;1;1
24;409;0;0;1
19;845;2;3;0
53;458;0;0;1
25;411;1;1;1
25;691;1;2;0
19;704;1;3;0
32;599;0;3;0
48;386;2;1;0
23;305;2;3;1
64;580;0;3;0
40;657;0;1;0
30;619;1;3;1
61;304;2;1;0
29;657;0;3;1
27;440;0;3;1
60;336;2;1;1
62;805;1;2;0
51;344;0;0;1
58;309;0;2;0
40;506;1;1;1
33;589;0;3;1
47;471;2;1;0
42;810;2;0;0
32;597;0;3;0
61;800;2;2;0
52;359;2;1;1
19;415;0;0;1
66;637;0;3;0
31;466;2;0;1
65;806;0;2;0
54;327;0;2;1
62;798;2;0;0
61;312;2;1;0
44;744;2;0;0
69;617;0;3;0
47;502;0;1;0
66;696;0;0;0
38;509;2;2;1
23;681;1;3;0
39;585;1;0;1
57;451;1;2;1
36;499;1;3;1
39;650;1;0;1
43;763;0;0;1
31;419;2;3;1
64;300;2;3;0
41;475;0;3;0
65;514;0;1;0
62;633;1;0;1
45;357;1;0;1
18;378;2;3;1
69;756;0;3;1
43;744;1;0;0
49;390;0;3;0
33;721;1;2;0
66;659;2;3;1
60;354;0;1;0
53;640;1;0;0
67;847;0;1;0
67;845;0;3;0
52;535;2;3;0
41;779;2;0;0
38;667;0;0;1
18;655;2;0;1
31;364;2;3;1
45;817;2;2;1
61;543;0;2;0
58;512;0;0;0
69;497;1;3;0
48;649;1;2;0
49;634;1;3;0
27;359;0;1;1
36;515;1;2;0
38;589;1;3;0
67;436;1;3;0
65;586;1;3;0
23;339;1;2;0
64;509;2;3;0
35;698;0;2;1
62;621;1;1;0
24;669;1;3;1
32;698;2;1;0
42;398;1;1;1
51;799;2;3;0
69;615;2;2;0
57;844;1;0;1
52;694;2;3;0
45;726;2;1;1
42;651;1;0;1
57;440;1;2;1
34;363;1;1;1
44;378;1;2;0
30;303;0;2;1
34;654;0;3;1
32;469;2;0;1
50;346;2;3;1
46;319;0;2;1
31;397;1;3;0
50;300;2;1;1
42;612;0;3;1
34;336;0;2;1
54;747;0;3;0
39;322;2;1;1
55;416;0;3;0
31;737;2;2;0
43;349;1;2;0
46;569;2;1;0
33;366;0;3;1
57;346;1;3;0
29;635;2;3;0
38;730;1;0;0
42;427;0;1;0
31;733;2;2;1
19;545;0;3;1
38;491;2;1;0
28;538;1;1;0
38;319;2;2;1
26;500;0;2;1
31;361;2;0;1
19;657;1;0;1
27;785;0;2;0
26;513;2;1;0
56;675;2;0;0
46;483;2;0;1
65;655;0;0;1
21;630;1;3;0
39;369;1;3;1
43;590;1;1;0
31;690;1;0;1
65;671;0;0;1
48;839;0;3;0
21;381;2;0;1
64;585;2;0;0
48;465;2;0;1
53;422;2;0;0
37;393;1;2;1
51;331;0;1;1
47;479;0;1;1
66;754;0;0;1
27;357;0;3;1
54;474;2;2;0
51;333;0;3;1
42;472;2;1;1
54;643;2;0;0
22;416;1;1;1
58;777;2;3;0
22;386;1;2;1
33;771;2;3;0
52;848;2;3;0
45;436;1;2;1
34;793;0;0;1
48;679;2;1;0
69;461;2;3;0
60;546;1;0;1
62;640;2;0;0
45;518;2;1;0
65;687;1;1;0
68;472;0;1;1
67;566;2;0;0
60;363;2;0;1
35;696;0;1;1
38;474;2;2;1
65;576;2;3;0
55;561;2;1;0
68;558;0;0;0
64;373;0;3;0
53;847;0;3;0
28;352;1;2;1
48;391;0;3;1
38;365;1;3;1
63;778;0;2;1
68;576;0;3;1
57;687;2;1;0
62;570;2;0;0
63;588;2;0;0
58;423;1;1;1
23;735;1;1;1
51;645;2;1;1
18;386;1;3;1
68;319;0;3;0
26;570;2;3;1
19;317;2;0;1
30;433;0;2;1
20;769;0;3;1
64;374;1;1;0
41;717;1;1;0
43;816;2;0;0
32;537;1;0;1
48;689;0;0;1
34;513;1;1;0
47;529;1;0;1
19;720;0;2;1
37;709;1;2;0
28;757;2;1;0
26;514;0;3;1
26;356;0;2;1
49;388;2;0;1
26;588;0;2;1
51;789;1;1;0
34;560;0;2;1
30;785;2;3;0
51;443;2;3;1
67;431;1;3;1
26;691;2;0;1
67;538;1;2;0
40;693;2;2;0
64;446;2;3;0
24;666;2;3;0
59;841;1;1;0
18;592;1;0;1
52;696;0;2;0
19;405;0;0;0
65;540;0;2;1
19;536;0;2;1
25;830;0;2;0
40;588;2;2;1
18;516;1;3;1
51;745;0;2;1
37;359;0;2;1
20;655;0;3;1
45;759;1;2;0
60;575;0;3;0
49;339;0;2;0
45;781;2;2;0
30;732;1;3;1
62;555;2;0;0
42;495;2;1;0
57;693;1;2;0
66;354;2;2;1
38;759;2;0;1
67;597;2;3;0
39;785;0;0;0
21;807;1;2;1
26;648;0;2;1
26;533;0;0;1
23;546;2;3;0
57;395;1;3;1
62;588;1;3;0
42;300;0;1;1
28;399;0;0;1
51;576;1;3;0
60;800;2;2;0
46;365;1;2;1
19;684;2;0;1
44;553;1;3;0
42;814;0;3;0
42;325;0;3;1
42;533;0;2;1
26;836;2;1;0
48;717;1;2;0
69;377;0;3;0
54;800;0;2;0
47;465;1;0;0
23;805;0;0;0
51;828;0;2;0
49;563;0;3;1
48;563;1;2;0
29;766;0;0;0
37;332;0;3;0
32;346;2;1;1
55;605;0;2;1
67;599;1;3;0
56;387;2;1;1
41;456;2;0;1
43;519;1;1;0
60;581;0;2;0
32;685;2;2;0
56;591;2;2;1
41;810;0;1;0
50;402;0;1;0
46;304;0;3;1
67;741;0;3;0
45;783;0;2;0
39;809;1;1;0
46;684;1;1;0
43;676;2;1;0
58;487;1;0;1
62;761;0;0;1
55;446;0;0;1
32;462;0;0;1
32;394;0;0;1
62;582;0;0;1
67;684;1;0;0
24;634;2;3;0
58;554;2;2;0
39;311;2;2;1
20;713;0;1;1
32;760;2;1;0
57;755;1;1;0
67;455;2;0;0
46;300;2;1;1
52;787;1;2;0
49;418;2;0;1
24;702;0;0;1
27;610;0;0;1
29;567;1;0;1
34;811;1;1;0
59;559;1;3;0
48;713;0;3;0
23;382;0;0;1
51;579;2;2;1
36;820;2;2;0
27;343;1;2;1
43;316;1;1;1
67;493;0;2;0
31;722;2;1;0
29;328;2;3;1
45;304;0;3;0
29;406;1;1;1
41;819;2;1;1
56;771;0;0;1
21;484;0;2;1
25;724;1;3;1
39;354;1;0;1
21;306;0;0;1
50;621;2;2;0
51;695;2;2;1
33;393;0;0;1
67;836;2;2;0
67;341;1;0;1
63;422;0;0;1
44;420;0;2;1
36;754;2;0;1
54;324;2;0;1
27;651;2;0;1
67;560;1;1;0
61;522;2;3;0
59;436;0;2;0
50;825;1;0;0
56;315;1;0;1
58;425;1;1;1
48;796;0;0;0
52;664;1;3;0
46;307;0;3;1
38;648;2;0;1
18;767;0;1;1
51;821;1;0;0
48;439;1;2;0
31;691;0;0;1
58;491;1;0;0
43;442;1;3;0
63;318;0;0;1
32;648;0;1;0
40;404;1;3;0
20;823;2;2;0
19;486;1;3;0
49;364;1;3;0
31;316;0;2;1
31;695;1;0;0
22;447;0;3;1
63;470;1;3;1
63;658;0;2;0
26;783;2;0;1
19;696;0;3;1
35;338;2;2;1
20;387;0;1;1
47;582;1;0;1
23;612;0;0;1
60;741;1;3;0
18;302;2;1;1
68;693;1;1;0
27;566;0;1;1
28;460;2;3;1
21;300;2;2;1
25;805;0;2;1
23;377;1;1;1
38;671;1;3;0
44;604;0;0;1
27;722;0;2;1
35;491;1;0;1
42;422;1;2;1
30;785;1;0;0
39;805;0;1;1
35;514;1;0;1
20;423;0;3;1
66;360;0;0;1
38;687;2;3;0
69;656;1;0;0
51;725;2;3;0
34;493;2;2;0
19;788;1;1;1
58;515;2;3;0
60;410;0;0;1
20;727;1;0;1
28;686;2;0;1
22;372;0;2;1
39;375;2;0;1
57;629;2;0;1
35;484;2;0;1
52;688;2;2;0
22;681;2;1;1
43;437;1;2;0
18;453;1;2;0
52;400;1;2;0
63;310;2;2;0
28;405;0;3;0
61;361;0;0;1
58;389;1;0;1
52;652;2;0;1
34;494;1;0;0
23;514;2;2;1
64;645;0;0;0
55;335;2;3;1
51;419;1;1;1
53;569;1;2;1
69;521;1;2;0
40;439;2;3;0
18;388;1;1;1
37;716;2;3;0
27;645;1;0;1
35;748;2;0;1
21;712;1;2;1
27;422;1;1;1
66;492;0;2;0
21;520;1;2;1
63;755;0;1;0
53;713;1;0;1
55;444;0;0;0
51;732;0;1;1
65;605;2;1;0
57;717;1;1;0
24;735;1;0;1
56;837;2;2;0
53;707;0;3;0
44;414;0;2;1
34;377;2;2;0
20;447;1;1;1
69;445;1;3;0
49;783;0;1;1
23;522;0;1;1
25;724;2;0;0
43;505;2;1;0
40;655;1;1;1
44;440;0;0;1
29;360;0;0;1
68;675;0;3;0
27;811;1;0;1
66;357;2;2;1
42;355;1;3;0
31;827;2;0;1
49;838;0;0;0
18;434;0;1;1
45;321;0;1;1
35;608;0;3;1
68;825;2;1;0
34;422;1;0;1
36;588;1;1;0
29;839;1;0;1
20;593;0;0;1
66;682;2;2;0
34;526;1;1;0
18;391;2;3;1
45;560;2;0;1
51;694;0;2;1
22;317;1;1;1
21;664;1;0;0
53;586;0;0;0
21;831;0;2;0
30;787;1;0;0
18;747;1;3;0
19;763;1;0;1
22;426;2;0;1
25;829;0;3;1
52;696;2;3;0
24;780;2;2;1
43;553;1;0;1
30;322;2;2;1
59;555;1;0;1
66;729;0;3;0
69;356;0;2;1
45;321;0;2;1
35;718;1;3;0
61;644;1;0;0
30;701;2;3;0
28;673;2;2;1
64;382;1;0;1
53;743;1;0;1
58;611;2;2;0
38;365;0;3;0
34;590;2;0;0
33;384;1;1;1
59;735;2;0;1
19;314;2;2;1
45;576;2;1;1
31;359;0;0;1
30;651;2;0;1
23;498;1;1;1
26;836;1;1;1
48;303;0;0;1
57;621;2;3;0
69;612;1;3;1
35;833;2;0;0
53;837;1;0;0
45;848;2;3;0
29;787;0;0;1
43;707;0;2;0
24;564;2;2;0
31;414;0;3;1
60;685;0;2;0
38;320;2;2;1
53;310;2;2;0
32;399;1;0;1
42;762;0;0;0
49;699;1;2;0
24;597;2;1;1
54;645;2;0;0
62;551;0;2;0
44;680;1;1;0
31;654;2;1;1
23;715;2;0;1
44;778;0;1;1
68;484;2;2;0
18;502;2;0;1
68;499;1;3;0
47;482;0;3;1
31;837;1;1;0
21;366;0;0;1
44;587;2;1;0
34;311;2;3;1
64;575;0;1;0
62;562;1;1;1
69;519;1;2;0
33;325;2;1;1
68;733;0;3;0
62;583;1;2;0
31;539;1;3;0
44;344;2;3;0
25;565;1;1;0
63;641;2;0;0
25;612;2;3;0
27;475;1;2;0
62;794;2;1;0
60;521;2;3;0
63;304;1;0;1
50;677;2;0;1
51;312;1;2;0
35;540;2;2;1
66;488;1;1;1
29;508;1;2;1
52;575;1;1;1
34;621;0;0;1
41;706;1;2;0
47;651;1;0;1
63;723;0;3;0
34;382;1;1;1
63;628;0;1;0
33;499;1;2;0
30;717;1;1;1
50;697;1;1;1
45;467;0;1;0
39;749;0;1;1
26;831;1;2;0
66;457;1;3;1
20;315;0;1;1
36;393;0;3;0
22;587;1;2;1
64;390;2;0;1
35;675;1;3;0
41;737;2;1;0
29;453;2;1;1
53;793;2;2;0
25;546;0;2;1
33;786;2;1;0
34;446;1;3;1
18;439;2;3;1
46;734;1;2;0
64;795;1;0;0
25;590;2;2;0
49;313;1;3;1
18;499;1;3;1
59;652;1;0;0
29;307;2;3;0
55;654;1;1;1
34;401;2;2;0
46;726;0;2;1
30;849;1;3;0
43;780;0;2;0
69;746;0;1;0
29;304;2;3;1
29;313;2;0;1
53;539;1;1;0
54;625;0;1;1
39;627;2;0;1
40;303;2;3;1
58;404;2;3;0
21;457;0;1;1
68;386;1;1;0
30;492;1;3;1
62;467;2;2;0
22;482;2;3;1
50;593;2;0;0
60;326;2;1;0
69;691;2;0;1
36;824;2;2;0
30;450;0;3;0
58;311;0;3;0
45;639;2;0;0
48;574;1;0;0
42;672;0;2;1
31;566;1;3;1
35;784;1;2;1
60;388;1;0;1
40;696;2;3;0
50;409;1;2;1
22;302;2;2;0
25;412;1;3;1
43;345;0;3;1
61;745;1;3;0
65;725;0;2;0
64;526;0;1;0
39;336;2;3;0
42;355;1;0;0
46;588;2;1;0
52;601;0;3;0
44;509;2;2;1
53;570;2;1;0
24;597;0;0;1
46;591;0;2;0
18;577;1;2;1
48;748;1;3;0
50;415;1;0;1
66;331;0;1;1
45;644;1;3;1
43;524;0;0;1
20;558;2;3;1
67;613;1;3;1
54;754;1;3;0
25;832;1;1;0
68;328;1;2;0
47;568;2;3;0
48;740;1;0;0
41;687;0;3;0
55;805;1;1;0
54;399;0;1;1
29;487;2;1;1
50;491;2;1;0
41;518;0;2;0
57;433;2;1;0
30;825;1;0;1
20;455;2;2;1
18;636;0;2;0
37;574;1;0;1
41;364;1;1;1
59;754;1;2;0
55;832;1;3;0
46;649;2;3;0
62;561;0;1;0
27;845;0;1;1
68;809;0;1;0
20;482;1;0;1
42;575;1;2;0
68;463;2;2;1
21;558;2;3;0
54;510;2;2;0
20;377;2;2;0
19;746;0;1;1
46;832;0;2;1
56;507;1;2;0
40;348;2;3;0
35;419;2;0;1
47;843;2;0;0
56;822;2;0;0
34;391;0;1;0
42;634;2;1;0
33;589;1;3;1
62;375;0;3;0
36;351;2;0;1
33;660;0;0;1
19;607;0;1;1
36;361;0;1;1
20;513;0;1;1
39;513;1;2;0
47;736;2;1;0
37;611;1;3;1
63;378;1;2;0
31;670;0;0;1
63;364;0;3;0
21;782;2;3;1
48;324;2;2;0
36;568;2;0;1
21;520;2;2;1
41;827;2;0;1
21;781;1;0;1
27;456;1;1;0
62;426;2;1;1
39;610;2;3;0
56;609;1;2;0
30;633;2;0;1
66;418;2;2;0
40;735;0;0;0
22;839;1;3;0
42;800;1;1;0
60;671;2;1;0
53;569;1;3;0
69;581;0;2;1
57;488;2;3;0
65;812;1;0;0
40;838;1;2;0
34;699;2;2;1
47;414;1;3;0
18;502;1;3;1
61;579;0;1;1
19;324;1;1;1
51;835;1;2;0
37;567;2;3;1
42;617;2;1;1
46;652;0;1;0
32;802;2;1;0
36;836;0;2;1
48;321;2;0;0
53;545;2;0;0
57;526;0;3;0
23;582;1;2;1
39;460;0;1;0
56;718;0;1;0
39;333;0;0;1
29;712;0;3;0
34;772;0;0;1
34;750;1;3;0
45;777;2;1;0
51;674;0;2;0
69;805;2;3;0
60;568;1;2;0
40;502;1;3;1
31;381;0;0;1
52;415;2;1;0
61;795;2;2;0
20;825;1;2;1
28;693;0;2;1
19;802;1;3;0
33;620;2;1;1
34;395;2;3;0
32;473;1;1;1
42;537;1;0;0
43;397;0;0;1
38;399;2;2;1
63;503;1;1;0
19;839;0;2;0
40;759;0;3;0
56;656;0;3;0
18;647;2;0;1
45;401;2;0;1
54;711;1;0;1
69;513;1;0;0
49;777;1;2;0
43;720;2;1;1
52;845;1;2;0
36;535;1;0;1
64;628;2;2;0
37;531;0;2;1
27;834;1;1;1
68;420;1;1;1
57;426;0;2;0
24;493;1;1;1
25;626;0;3;1
19;477;0;1;1
43;787;2;2;0
68;710;1;2;0
30;501;1;2;1
61;665;0;2;0
44;573;1;2;0
60;548;2;2;0
28;325;1;2;1
35;445;0;1;1
22;320;0;0;1
31;538;2;3;0
36;745;2;0;1
57;347;2;2;0
52;406;2;2;1
49;356;1;0;1
69;702;2;1;0
30;409;2;2;1
67;795;0;0;0
24;773;1;1;0
42;585;1;2;0
29;379;1;1;1
25;677;2;1;0
37;614;0;2;0
50;521;1;2;0
69;496;1;2;1
39;556;0;0;1
29;336;2;2;1
19;448;1;1;1
38;449;1;0;1
59;359;2;2;0
48;362;2;3;0
26;333;2;0;1
63;472;2;0;0
61;636;1;2;0
32;401;1;0;0
60;705;0;0;1
20;318;1;1;1
50;804;0;0;0
57;718;2;3;0
49;729;2;3;0
21;525;0;3;1
62;304;2;1;0
27;615;2;1;0
33;390;1;2;1
41;664;0;1;0
39;723;2;3;0
56;658;2;1;1
26;567;0;2;1
59;426;0;3;1
63;365;2;1;0
54;764;1;1;0
34;540;0;2;1
60;538;0;3;1
69;310;2;3;0
31;755;2;2;0
55;320;2;2;0
46;632;0;1;0
36;475;0;2;0
48;718;2;2;0
67;704;0;2;0
31;610;2;3;0
41;318;2;1;1
65;300;2;3;0
21;331;1;0;1
21;688;0;0;1
33;327;1;3;1
19;846;2;0;1
25;376;1;0;1
50;360;1;2;1
59;662;2;0;1
54;815;1;2;0
29;405;1;3;0
31;735;2;3;0
57;781;2;2;0
46;698;2;0;1
63;584;1;1;0
49;346;0;3;1
62;806;2;2;0
43;437;0;2;1
21;735;1;0;1
29;799;0;0;0
51;559;0;2;1
59;748;1;0;0
31;347;1;0;1
67;316;2;3;0
48;848;2;1;1
65;796;1;3;0
44;456;1;1;1
37;722;0;2;1
67;404;0;3;0
69;691;1;0;0
35;703;2;2;1
18;701;2;1;1
60;409;1;3;0
49;425;2;3;0
49;422;1;2;0
29;480;1;3;1
26;664;0;0;1
26;485;1;0;1
66;553;2;0;0
60;612;1;0;0
38;720;1;2;1
38;808;2;3;0
31;627;1;0;1
50;449;2;0;1
25;631;0;3;0
66;611;2;2;0
29;685;2;1;1
44;594;2;2;0
30;409;2;0;1
56;529;0;2;0
38;601;2;2;0
19;823;1;3;1
62;807;1;3;0
32;556;0;3;1
44;577;2;2;1
34;766;0;3;0
52;795;0;0;1
44;628;0;2;1
64;620;1;1;0
45;536;2;3;1
62;440;0;3;0
53;755;0;0;0
22;501;0;2;1
50;518;2;2;0
60;641;2;0;0
41;379;2;1;1
20;305;2;0;1
62;548;1;2;0
55;542;0;0;0
60;667;2;0;1
40;547;1;0;1
35;528;1;2;1
56;737;1;3;0
30;701;1;1;1
60;436;1;0;0
58;679;2;2;0
42;712;0;2;1
53;649;0;1;1
26;406;2;2;1
60;300;1;3;1
43;583;1;3;0
18;825;1;0;1
30;525;0;2;0
65;302;0;3;0
50;821;1;3;0
57;506;1;1;1
19;651;2;3;0
32;366;2;1;1
53;641;0;0;1
39;308;0;0;1
41;501;0;0;1
46;645;1;1;0
51;791;2;1;0
65;474;0;2;1
18;752;2;1;1
68;438;0;3;1
40;819;0;2;0
66;813;1;3;0
57;376;2;2;0
67;426;1;0;0
35;634;1;1;1
18;658;0;2;0
44;793;1;1;0
64;711;1;1;0
61;792;0;3;0
50;374;0;2;1
66;482;1;3;1
24;309;0;2;1
21;449;2;3;0
19;334;2;1;1
61;460;1;0;1
57;649;1;0;1
24;611;1;0;1
66;306;0;1;1
25;638;1;1;0
63;810;0;0;0
61;561;0;3;0
50;342;0;1;1
61;575;0;2;0
38;478;1;0;1
55;483;0;2;1
50;663;0;3;0
23;370;2;1;1
23;408;2;3;1
62;581;1;3;0
53;642;2;3;0
32;432;1;0;1
53;677;0;3;0
38;420;1;0;1
59;757;0;1;0
55;481;0;3;0
59;316;2;3;0
29;832;0;2;1
50;616;2;1;0
45;434;0;3;0
63;792;2;1;0
65;655;0;2;0
34;389;1;1;1
21;496;0;1;1
41;565;0;2;0
57;519;2;2;0
35;750;1;1;1
24;536;2;0;1
25;315;2;1;1
59;712;1;0;0
38;582;2;1;0
21;612;2;1;0
53;444;2;3;0
61;332;2;0;1
52;720;1;2;0
54;305;2;2;1
50;574;1;3;0
34;343;0;2;1
47;583;1;0;1
26;323;2;0;1
67;822;2;1;1
42;548;2;2;0
52;847;1;2;0
39;312;0;2;1
24;309;1;0;1
58;434;2;3;0
40;593;2;1;0
66;661;0;0;0
63;663;0;1;0
24;549;0;3;1
57;683;0;1;1
37;695;2;0;1
54;716;1;2;0
32;691;1;0;1
63;397;1;1;1
37;790;2;2;0
44;582;2;1;0
36;733;2;2;1
33;838;0;1;1
43;328;0;1;1
67;692;0;0;0
34;445;2;1;1
66;314;0;0;1
45;615;2;1;0
42;456;0;1;1
33;368;2;0;1
43;460;0;1;1
34;719;2;1;1
28;401;0;1;1
52;799;0;3;0
25;439;0;3;1
63;536;2;1;0
60;428;1;3;0
30;476;1;0;1
49;678;2;1;1
40;530;2;3;1
53;513;0;2;1
57;454;2;3;0
40;648;0;1;1
45;500;0;0;1
32;385;1;2;0
67;351;1;0;1
64;824;1;2;0
30;743;1;3;1
49;410;1;2;0
45;834;2;3;0
19;403;1;3;1
30;323;0;3;1
65;776;0;1;0
49;333;0;2;1
37;785;2;2;0
28;547;2;3;0
52;352;2;1;1
40;301;2;3;0
61;689;2;3;0
31;368;0;3;1
51;831;2;2;0
31;728;1;3;0
60;354;0;3;1
55;795;1;3;0
42;807;1;3;0
41;830;1;2;0
18;817;1;0;1
26;678;1;3;1
61;521;2;1;0
37;318;2;1;1
18;570;1;3;1
68;694;1;0;0
50;799;2;2;0
51;791;0;1;1
42;797;1;1;1
61;521;1;2;0
37;547;0;3;0
56;441;0;2;0
61;730;1;0;0
55;758;0;2;0
55;790;2;3;0
61;689;2;0;0
22;762;0;1;0
67;566;0;2;0
29;350;2;3;1
39;444;1;1;1
51;345;2;0;0
19;793;0;0;1
33;498;1;2;1
59;721;1;0;0
29;788;2;3;0
22;738;0;3;0
41;655;0;2;0
62;476;0;3;1
54;389;2;3;0
39;646;1;2;1
24;334;1;1;1
36;604;2;1;1
44;347;2;0;0
47;605;2;0;0
31;766;2;3;1
66;591;1;2;1
57;428;0;1;0
34;302;2;1;1
51;582;2;2;0
23;672;1;2;0
22;477;2;0;0
53;691;1;2;0
57;645;2;0;0
21;695;0;3;0
55;806;0;1;0
32;813;0;3;1
55;780;2;1;0
47;355;0;3;0
46;340;0;0;1
55;833;1;1;0
24;365;0;1;1
64;835;2;3;0
30;606;2;2;1
33;617;2;3;0
37;474;2;0;1
28;598;1;2;1
49;472;2;3;0
46;473;2;1;1
24;783;1;1;1
34;594;2;0;1
59;608;1;0;0
24;744;2;3;1
37;691;2;0;0
24;358;1;3;0
18;719;2;3;0
32;306;1;1;1
32;709;0;0;1
38;430;1;0;1
30;568;1;3;1
24;820;1;1;0
56;366;0;0;1
51;753;1;0;1
61;779;1;2;0
28;701;2;3;0
46;324;0;1;1
37;434;2;3;0
24;722;1;1;1
63;513;0;0;1
51;590;1;3;0
53;630;0;0;1
23;608;2;0;1
46;634;2;0;1
59;409;1;2;0
40;681;0;1;0
18;802;0;0;1
26;747;2;3;0
69;712;1;1;0
18;565;1;1;1
41;716;2;0;0
41;742;1;2;0
20;576;1;0;1
27;690;1;3;0
42;563;0;1;1
45;652;2;0;1
69;825;2;1;0
21;815;0;1;1
40;721;2;3;0
37;415;2;3;0
34;787;0;1;1
48;362;2;3;0
29;379;0;1;1
56;617;0;3;0
68;597;2;3;0
27;462;2;1;0
24;709;2;2;1
59;542;0;2;0
45;773;1;1;0
69;603;0;2;0
38;629;0;0;0
54;592;0;3;0
26;581;1;0;1
63;764;0;1;0
55;337;1;2;1
52;412;0;2;1
49;319;2;2;0
48;657;0;2;1
58;322;0;3;0
54;736;1;1;0
63;608;2;2;0
35;333;0;1;1
53;509;1;2;0
27;337;0;3;0
33;715;0;3;1
19;785;0;2;1
44;613;0;2;1
55;401;0;0;1
18;319;2;1;1
33;427;1;0;1
39;550;2;3;1
58;786;2;0;0
49;840;0;1;0
18;553;2;2;0
40;849;0;0;0
66;772;2;3;0
40;442;2;2;1
44;674;0;2;1
55;760;1;3;0
38;810;0;2;0
31;377;2;1;1
35;595;1;3;0
64;816;2;0;0
33;713;0;1;0
58;656;1;1;0
20;425;0;3;1
45;319;2;2;0
48;717;2;0;0
21;701;0;3;1
22;562;1;1;0
23;821;0;0;1
37;597;0;2;0
54;376;2;1;0
18;792;2;1;0
59;578;1;0;0
45;393;0;0;1
24;769;2;2;0
27;755;0;0;1
29;337;1;2;1
39;415;1;2;1
67;459;2;2;0
64;309;2;1;0
49;524;2;1;0
38;728;1;1;0
42;491;0;2;1
44;578;0;1;1
48;620;0;1;1
55;757;2;1;1
63;790;1;0;0
25;554;2;0;1
37;639;1;1;1
30;553;1;1;1
65;738;0;0;0
44;354;0;1;1
69;761;1;0;1
68;318;1;0;0
63;554;0;3;1
35;656;2;2;0
52;738;2;0;0
69;518;2;1;0
45;761;0;2;1
41;575;0;2;1
68;669;0;3;0
29;772;2;3;0
65;792;0;1;0
36;598;1;3;0
18;544;1;1;1
62;355;2;2;0
46;545;0;0;1
41;810;2;2;0
68;728;2;3;0
56;787;1;1;1
55;579;2;3;1
46;609;1;2;1
63;833;1;0;0
43;597;2;1;1
34;426;1;3;1
53;477;2;0;0
49;570;2;1;1
61;505;2;1;0
53;445;1;3;1
29;318;1;2;1
36;312;2;3;0
37;490;2;0;1
29;781;0;2;1
21;580;2;2;1
40;358;1;3;0
41;819;0;3;0
64;748;1;2;0
26;361;0;0;1
69;312;0;2;0
45;763;0;2;1
47;513;2;2;0
58;416;1;2;1
30;682;1;2;0
21;564;0;0;1
21;531;0;3;0
38;651;0;0;1
46;369;2;2;1
61;457;0;2;0
52;412;1;0;1
26;358;0;0;1
34;509;1;1;1
32;611;2;0;0
40;678;2;0;0
48;522;0;3;0
26;775;2;0;0
40;405;2;2;1
42;479;1;3;0
40;820;2;3;0
44;430;0;3;0
48;803;2;1;0
61;725;1;1;0
63;726;1;0;0
29;333;2;2;0
54;822;1;1;0
62;677;0;0;1
65;435;2;3;0
23;686;2;3;1
50;746;2;1;0
39;581;0;2;1
35;515;0;1;1
43;729;2;1;0
29;688;2;1;1
34;639;1;3;0
36;545;2;3;0
54;644;1;1;0
53;819;2;1;0
52;381;2;1;0
36;342;0;3;1
44;814;1;1;0
61;826;0;3;0
25;592;2;0;1
18;829;2;1;1
50;656;2;2;0
23;713;1;2;0
47;448;0;2;1
60;842;2;3;0
47;541;1;0;1
19;518;1;2;1
34;808;1;0;1
56;669;1;0;0
24;759;2;0;1
68;489;2;1;0
49;549;0;0;1
36;593;2;1;1
44;430;2;1;1
44;724;0;1;0
67;502;2;3;0
28;301;0;2;1
34;672;1;3;0
33;784;0;0;1
19;671;2;2;1
65;314;2;1;0
30;364;1;2;1
62;434;0;2;1
37;499;1;3;0
61;424;2;2;0
40;575;2;2;1
50;456;0;1;1
47;614;1;2;1
62;738;0;2;0
49;336;0;3;1
28;362;1;1;1
58;591;0;0;0
28;789;2;0;1
46;439;2;1;0
32;496;2;2;0
62;595;2;2;1
49;505;2;2;0
56;495;0;3;0
45;348;2;3;1
51;346;1;0;1
56;339;1;0;1
33;741;0;2;1
60;301;1;2;0
57;465;0;3;0
66;412;0;2;0
33;733;0;1;1
24;631;1;0;1
55;720;0;0;0
40;302;1;1;1
32;581;1;3;0
26;770;1;3;0
54;791;2;1;0
19;333;2;1;1
41;405;0;0;1
49;350;0;0;1
64;428;2;2;0
39;594;0;2;0
55;777;1;3;0
54;475;0;2;0
61;474;0;0;1
47;432;2;0;1
41;768;0;2;0
61;831;1;3;0
50;431;0;1;1
22;632;1;1;1
57;565;0;3;1
27;635;0;0;1
41;787;0;2;0
29;351;0;1;1
21;337;1;2;1
57;813;0;1;0
21;405;2;3;1
22;318;2;0;1
52;815;1;1;0
58;798;1;0;0
31;770;1;0;0
47;696;1;0;1
27;519;1;0;1
60;842;2;3;0
61;509;1;2;0
25;481;1;3;0
65;418;2;0;1
51;481;2;2;0
55;791;1;3;0
57;518;0;1;0
19;509;0;1;1
43;594;1;1;1
24;432;1;3;1
44;333;0;0;1
31;522;1;0;1
27;552;1;3;1
26;365;2;0;1
51;491;2;2;0
42;302;2;1;1
19;665;2;3;1
63;471;1;1;0
42;442;0;2;1
46;760;2;1;0
54;815;2;1;0
68;769;2;0;0
45;791;0;2;1
56;308;2;0;1
25;666;0;1;1
24;491;0;1;1
34;356;2;1;1
19;307;1;1;1
26;444;2;3;1
26;545;0;3;1
58;318;1;3;0
60;451;2;3;0
42;485;0;1;1
45;581;0;1;0
20;516;0;0;1
50;394;2;1;1
33;797;0;3;0
55;607;0;3;0
20;702;0;0;1
41;736;0;3;0
50;522;2;2;0
61;651;2;2;0
67;351;0;1;1
63;581;0;1;1
44;487;2;1;1
19;391;2;0;1
55;627;1;3;1
23;420;2;1;1
52;465;0;3;0
52;635;0;1;1
68;502;0;1;1
34;669;1;3;0
20;462;2;1;1
32;327;2;0;0
34;355;2;2;1
50;343;0;1;1
26;379;1;1;1
33;629;2;3;0
35;835;1;3;0
44;361;2;1;1
47;332;0;3;1
38;339;1;2;1
30;721;1;3;0
49;769;2;1;0
32;344;0;1;1
61;556;2;2;1
22;491;2;3;1
54;683;0;2;0
31;827;1;0;1
19;713;1;2;1
22;411;1;0;1
47;512;1;0;0
68;384;2;3;0
37;824;2;1;0
54;680;0;1;0
26;432;1;2;1
49;492;1;0;1
28;618;1;0;1
52;320;0;3;0
21;827;0;2;1
37;705;2;1;1
35;650;2;2;0
65;571;0;1;0
35;460;1;3;1
65;351;0;0;0
37;682;1;3;0
38;693;2;0;1
34;404;1;1;1
31;816;0;3;0
37;329;2;1;1
37;443;0;1;1
30;379;2;1;1
35;336;2;2;1
63;848;1;3;0
18;430;2;1;1
67;634;1;1;0
33;306;2;0;1
51;767;2;0;0
60;599;0;2;0
44;625;2;2;0
32;482;2;2;0
21;391;0;0;0
35;744;2;2;0
39;362;1;0;1
44;709;2;1;1
56;814;2;2;0
45;491;2;2;1
19;314;1;1;1
25;629;2;2;0
21;783;0;2;0
62;410;2;0;0
36;382;0;1;1
53;417;2;0;1
66;521;1;3;0
36;332;1;2;1
37;486;2;2;1
56;611;2;0;1
56;774;2;2;0
48;547;2;0;0
39;345;2;2;0
54;820;2;1;0
20;798;1;1;1
20;714;1;2;1
35;824;0;3;0
24;539;0;0;1
31;371;0;3;1
37;439;1;0;1
59;357;1;1;1
45;721;0;0;0
34;835;2;1;0
27;335;1;2;1
39;814;2;3;0
31;352;0;1;1
50;344;0;0;1
49;780;2;1;0
61;311;0;1;0
35;345;0;2;1
24;418;2;0;1
60;716;0;0;0
54;715;1;1;0
37;582;0;2;1
64;645;2;0;0
49;416;1;1;1
36;341;0;0;1
68;754;0;3;1
51;340;1;1;1
27;775;2;1;0
24;642;2;2;1
24;660;0;3;1
46;317;2;3;0
19;544;2;2;1
24;839;2;1;1
30;317;2;1;1
64;681;0;0;0
55;800;2;0;0
66;383;1;0;0
26;327;0;3;1
56;439;1;3;1
53;451;1;2;1
68;709;1;3;0
30;768;0;1;1
56;361;2;0;1
48;770;2;0;1
37;723;2;3;0
39;354;0;1;1
46;495;2;0;0
69;622;0;2;0
33;459;1;1;1
51;602;1;1;0
24;667;1;3;0
18;466;2;0;1
68;753;0;0;1
31;487;2;2;1
27;678;0;3;0
34;474;1;3;1
25;435;0;2;1
66;437;2;3;0
41;571;1;2;1
63;792;2;3;0
18;594;0;1;1
20;643;2;0;1
47;487;2;3;1
65;796;2;1;0
21;626;2;3;0
35;442;1;1;1
50;611;1;3;0
30;558;1;3;1
47;597;1;2;0
56;693;0;2;1
23;725;0;1;1
47;307;0;0;1
69;301;2;0;1
48;678;2;2;0
28;608;0;3;1
63;821;0;2;0
33;369;2;2;0
64;576;2;3;0
28;495;2;0;0
41;757;0;1;0
24;442;1;1;0
37;502;0;1;1
67;470;0;0;0
33;733;2;0;1
53;606;1;0;0
45;455;2;3;0
40;361;2;2;0
66;532;2;0;0
24;526;2;1;1
28;472;1;1;1
19;411;0;0;1
65;749;1;2;0
52;526;0;3;1
46;334;0;3;0
30;384;0;0;1
48;360;1;1;1
22;670;0;3;1
69;646;2;0;0
56;603;0;1;1
46;458;0;2;1
36;461;0;2;1
25;802;2;1;1
25;464;1;1;1
39;354;0;2;1
54;371;2;2;1
22;718;0;2;1
29;727;1;0;1
62;668;2;1;0
52;536;0;1;0
58;830;2;1;0
42;515;0;1;0
49;801;2;2;0
33;683;2;0;0
37;465;0;1;1
21;799;0;2;0
22;812;2;3;0
21;448;1;3;1
20;557;0;1;1
27;406;2;0;1
57;551;2;2;0
34;828;0;2;1
54;579;1;2;1
34;664;2;3;1
47;744;2;3;0
33;384;2;2;1
32;488;1;2;0
66;329;0;3;0
40;530;2;3;0
53;561;1;2;0
48;846;0;1;0
54;385;2;0;1
24;409;2;0;1
30;805;1;2;0
60;740;2;0;1
49;317;0;3;1
66;480;1;0;0
50;417;1;0;1
20;834;0;3;1
63;641;1;0;0
53;631;0;0;0
29;585;0;1;1
49;610;0;0;0
35;407;2;3;0
56;657;1;2;0
58;414;2;1;1
55;798;2;2;0
47;345;0;0;1
59;396;2;0;1
24;783;2;3;0
31;846;0;2;1
37;620;1;2;0
46;414;1;1;1
19;693;2;3;1
45;429;1;1;1
26;618;2;0;1
42;783;0;0;0
50;304;0;0;1
39;835;2;1;0
33;399;0;0;1
49;599;2;3;0
37;347;1;0;1
63;841;0;3;0
19;388;0;0;1
59;839;1;1;0
32;617;1;2;0
26;548;1;2;1
47;539;0;0;1
47;802;1;3;0
28;498;0;0;0
22;308;1;0;1
52;832;2;3;0
57;388;0;0;1
40;612;2;3;0
24;750;0;1;1
52;503;2;2;0
31;681;2;1;0
41;795;0;0;0
19;382;2;1;1
51;650;2;2;0
19;380;2;1;1
63;333;1;1;0
47;580;0;3;0
58;413;0;1;1
55;411;1;3;0
54;765;0;1;0
47;486;1;2;0
62;809;1;2;1
34;363;1;2;0
45;532;1;1;1
37;358;1;3;0
22;769;2;3;1
44;399;0;1;0
56;303;2;3;0
69;471;2;2;0
37;309;2;1;0
23;734;1;3;0
34;634;0;0;1
44;800;2;2;0
28;798;0;0;1
33;416;0;2;1
38;520;0;1;0
58;845;1;1;0
61;742;1;1;0
33;321;2;2;1
18;667;0;1;1
30;602;0;1;1
60;680;1;3;0
52;506;1;2;0
56;340;1;0;1
51;629;0;1;0
22;565;1;2;1
57;369;1;2;1
19;769;1;3;0
32;341;0;1;1
19;589;1;1;1
41;814;0;2;1
67;452;0;0;1
28;747;0;3;0
55;791;0;0;1
49;415;2;0;1
61;562;0;0;1
68;667;2;3;0
26;578;0;2;0
29;725;0;1;1
22;526;2;3;1
51;484;0;1;0
18;714;0;0;1
29;363;0;2;1
43;669;2;3;0
27;338;1;3;1
42;672;0;1;0
33;522;2;2;1
24;343;1;3;0
27;456;2;1;1
34;435;0;1;1
25;818;0;0;1
42;773;0;0;1
43;586;0;2;0
42;761;0;0;1
46;641;2;2;1
30;480;2;1;1
31;759;2;3;0
44;544;0;3;0
18;549;0;3;1
24;414;1;0;1
60;707;1;0;1
44;638;2;0;0
21;586;1;2;1
40;691;1;2;1
19;382;1;1;1
63;377;0;2;1
52;454;1;2;1
38;520;1;2;0
26;548;2;1;1
35;436;1;1;1
35;462;1;0;0
56;347;2;2;1
56;339;0;0;1
29;520;0;0;1
34;603;0;1;1
46;560;1;1;0
43;769;0;3;0
54;652;0;2;0
29;478;2;2;1
51;625;0;0;1
58;771;0;0;0
27;492;1;1;1
66;727;0;1;0
65;746;0;2;0
45;473;0;0;0
53;769;1;2;0
30;541;2;3;0
36;711;0;1;1
46;377;0;1;1
34;409;0;3;1
24;562;1;3;1
65;393;1;2;1
58;729;0;1;0
37;725;2;0;0
48;581;1;1;0
58;453;2;1;1
54;442;1;1;1
18;685;2;3;0
21;648;1;2;1
43;399;0;0;1
28;520;2;1;0
26;796;2;2;1
26;399;1;0;1
38;547;1;0;1
29;307;1;2;1
31;400;2;1;1
64;796;0;1;0
66;637;2;2;0
61;360;2;1;1
22;673;1;0;0
24;575;0;0;0
61;501;1;2;0
34;343;1;0;1
19;686;0;3;0
46;432;2;1;1
34;585;0;2;0
44;653;0;2;0
36;751;1;0;0
18;696;2;3;0
31;776;1;2;0
49;579;0;3;0
57;737;1;3;0
33;304;0;2;1
56;307;1;0;1
43;475;2;3;0
37;543;1;2;1
65;376;0;1;1
66;588;1;0;0
43;613;2;2;1
45;696;0;1;0
55;321;0;0;1
34;546;2;2;1
53;707;2;0;0
29;763;0;3;0
62;572;0;0;1
58;523;2;2;0
56;465;1;2;0
30;642;1;3;1
32;530;0;0;1
42;627;0;2;0
20;848;0;3;0
23;626;1;1;0
65;536;1;2;0
31;578;1;2;0
53;709;1;3;0
39;630;0;0;1
29;498;1;1;1
48;408;0;1;0
26;787;0;2;1
41;406;2;1;0
34;513;2;3;1
19;757;1;1;0
41;759;1;3;1
42;340;0;2;1
46;485;0;2;1
38;647;1;1;1
32;342;2;2;1
26;573;0;0;1
47;387;0;2;1
57;434;2;1;1
35;377;2;1;0
67;775;1;0;0
62;381;0;3;1
30;669;0;0;1
20;571;1;1;1
31;808;1;3;0
24;546;1;2;0
29;394;1;1;1
30;689;0;2;1
40;451;1;0;1
60;716;0;0;1
45;330;2;1;0
60;660;0;1;1
33;478;1;3;1
34;821;2;3;0
62;365;2;2;0
51;813;2;1;0
52;742;2;2;0
49;341;0;1;1
54;511;0;0;0
68;743;2;3;0
49;701;2;2;0
68;808;0;2;0
26;581;2;1;1
64;776;2;2;0
61;738;2;3;0
64;577;2;0;1
61;646;1;0;0
66;774;2;3;0
22;600;2;0;0
68;352;1;3;0
25;747;0;1;1
39;750;0;2;1
68;390;0;1;0
62;767;0;3;0
44;530;0;0;1
37;687;2;2;0
60;432;0;1;1
52;847;2;3;0
24;470;1;1;1
22;742;1;2;1
67;750;2;2;0
69;807;2;3;0
61;836;0;0;0
39;325;1;2;1
66;577;0;3;0
45;766;2;0;0
53;483;1;3;0
39;784;0;1;1
62;811;1;1;0
30;464;0;2;1
44;613;1;3;0
44;535;1;3;0
25;845;1;1;1
41;331;2;2;1
35;834;1;1;0
20;395;0;1;1
57;833;0;1;1
43;337;1;0;1
28;739;0;0;0
65;457;0;0;1
66;363;1;1;0
50;652;0;0;1
29;752;2;0;1
60;673;1;3;0
32;487;1;3;1
37;654;1;1;1
28;454;2;1;1
48;573;0;0;0
19;740;1;3;0
24;848;0;0;1
64;416;2;2;0
36;479;1;0;1
33;523;2;1;1
27;849;2;0;0
41;334;1;0;1
37;629;2;2;0
33;845;0;1;1
35;467;2;2;0
62;731;2;2;0
23;704;0;0;1
34;642;2;0;0
67;559;2;0;0
47;751;0;0;0
58;395;0;1;1
35;394;1;0;1
46;699;0;0;0
62;303;1;0;0
66;516;1;1;0
28;475;0;0;1
51;547;1;2;1
31;526;0;3;0
30;312;2;2;1
21;649;1;1;1
56;536;1;0;1
63;650;2;2;1
48;357;0;3;1
65;395;1;3;0
20;747;2;3;0
69;797;0;1;0
55;568;2;2;1
46;814;2;0;0
39;550;2;0;1
45;585;2;2;0
45;685;0;2;0
52;706;1;2;0
36;804;1;2;0
22;558;2;0;1
47;816;0;2;0
67;437;0;3;0
51;665;1;0;1
31;384;0;0;1
24;501;2;0;1
20;558;2;0;1
47;573;2;2;0
67;393;0;2;0
47;509;2;3;0
54;614;0;0;0
34;359;1;3;0
52;510;1;1;1
48;552;0;0;1
64;711;2;1;0
37;680;2;3;0
32;828;1;1;1
61;782;0;1;1
53;451;2;3;1
22;406;1;1;0
65;708;1;2;0
31;821;1;2;1
37;554;2;1;0
67;413;1;1;1
59;428;2;1;0
23;491;0;1;1
64;452;0;1;0
49;747;2;1;0
40;626;0;1;1
18;812;0;2;0
28;618;1;0;1
36;606;1;2;0
47;471;2;3;0
23;380;1;1;1
36;519;0;0;1
63;742;0;1;1
35;498;2;3;1
68;646;2;0;1
42;849;0;3;1
39;609;2;0;1
22;565;1;3;1
56;533;2;3;1
28;440;0;3;1
42;369;1;1;1
29;644;1;1;0
59;648;2;3;0
37;495;1;0;0
32;528;0;0;1
44;382;0;3;1
23;733;0;1;1
64;685;1;0;1
60;821;0;2;0
47;466;0;3;0
31;725;2;1;0
36;813;0;2;0
56;383;0;0;0
33;429;2;3;0
49;738;0;3;0
35;498;1;1;1
43;605;0;2;0
24;562;0;2;1
31;341;0;3;1
53;403;0;3;1
34;807;2;0;0
37;398;0;3;1
66;528;2;0;0
25;742;1;2;0
38;794;1;0;0
63;664;2;1;0
21;660;0;3;1
37;515;1;3;1
69;820;0;2;0
69;844;1;1;0
31;755;0;1;0
64;497;0;3;0
58;619;1;1;0
51;706;0;0;1
54;848;0;2;0
56;805;0;1;0
58;696;2;1;0
52;590;0;3;1
48;745;0;2;0
25;380;1;0;1
52;574;2;2;1
41;505;2;1;1
46;682;0;1;0
67;696;2;1;0
43;340;2;1;1
57;451;2;1;0
51;516;0;3;0
69;569;1;1;0
27;403;0;0;1
55;408;1;2;0
38;489;1;3;0
20;598;1;0;1
24;514;0;0;1
20;356;2;2;1
54;508;2;1;0
30;655;1;3;0
30;523;1;0;1
51;705;0;3;0
61;644;2;0;1
34;708;2;3;0
24;442;0;3;1
68;641;1;3;0
54;307;0;2;0
25;784;1;1;0
34;614;0;2;0
27;715;0;2;1
59;766;0;3;0
40;413;1;0;1
53;503;0;3;0
22;306;0;1;1
49;637;1;1;1
20;302;1;1;1
26;412;1;3;1
43;553;1;0;1
38;811;2;2;0
24;381;0;2;1
69;306;1;0;1
27;632;0;0;1
69;302;1;0;0
63;787;2;3;0
56;446;0;0;1
29;477;1;2;0
47;420;2;1;1
22;491;2;3;1
45;807;2;3;0
57;414;2;0;0
39;349;0;1;1
26;617;1;3;1
22;403;0;0;1
63;825;2;1;0
35;814;0;3;1
26;620;2;0;1
32;582;2;2;1
68;819;2;2;0
30;407;2;2;1
65;342;2;3;0
52;753;0;0;1
22;360;1;3;1
41;659;0;0;1
56;383;0;0;1
32;681;0;1;1
58;746;2;2;0
24;406;2;1;1
43;677;1;2;0
60;590;1;0;0
58;677;1;2;0
29;691;1;0;0
32;419;0;2;1
44;707;2;3;0
59;508;2;0;0
47;743;0;3;0
20;446;1;0;1
50;752;1;0;0
31;503;2;0;1
55;745;2;0;0
18;685;2;0;0
57;742;1;2;0
47;426;1;2;0
54;439;0;1;1
36;363;0;2;1
21;537;1;1;1
36;335;1;1;1
49;734;0;0;1
53;369;1;1;1
49;720;1;1;1
48;667;1;2;0
22;826;0;1;1
57;581;2;3;0
20;641;1;0;1
33;765;2;2;0
47;558;0;3;1
50;592;0;0;1
40;538;2;2;0
59;792;0;2;0
37;758;0;3;0
33;384;2;1;1
31;642;0;0;0
59;676;2;3;0
35;481;0;3;0
34;363;0;2;1
26;621;0;3;0
57;638;1;2;0
28;786;0;2;1
62;400;1;1;0
27;611;2;2;1
24;677;1;1;0
52;305;0;0;0
22;487;0;0;1
22;577;0;1;1
37;673;1;3;0
39;643;2;2;0
62;421;1;1;1
51;301;2;1;1
27;409;2;0;1
61;424;1;2;0
19;786;1;0;1
69;567;0;1;0
65;566;2;3;0
37;320;0;1;1
36;326;2;2;1
62;384;2;0;0
57;838;0;2;0
50;635;0;1;1
55;815;1;1;0
50;483;1;3;1
24;441;1;1;1
20;519;2;2;1
26;691;0;3;1
53;493;0;1;1
50;678;2;0;0
21;683;2;1;1
19;405;1;3;1
43;700;2;3;0
57;365;2;0;0
42;606;0;0;1
25;370;1;0;1
35;576;0;0;1
44;342;1;0;0
37;650;0;3;1
47;519;0;0;1
69;618;1;3;0
47;673;1;0;1
62;332;2;3;0
35;692;0;2;1
24;466;0;0;1
57;702;1;1;0
68;537;2;3;1
43;542;1;0;1
54;703;1;2;1
38;486;0;3;1
27;509;1;2;1
65;367;0;0;0
60;814;0;1;0
61;345;0;3;1
58;608;0;3;0
48;518;2;2;1
37;451;0;2;1
51;624;2;1;1
32;456;1;0;1
60;300;2;3;0
44;782;1;1;1
18;605;1;3;1
56;677;1;0;0
58;804;2;1;0
59;623;1;1;1
67;376;1;3;0
28;461;2;3;0
52;485;1;0;1
23;759;1;0;1
48;646;0;2;0
60;721;0;2;0
56;713;2;1;0
45;619;1;0;1
50;440;2;3;0
54;478;1;3;1
27;660;1;1;1
56;541;1;0;1
24;589;1;0;1
66;430;0;1;0
26;426;0;2;0
35;745;0;2;1
44;424;0;0;1
43;776;1;0;1
32;661;0;0;1
35;514;2;2;0
48;529;2;1;1
21;821;1;3;0
53;555;0;0;1
28;366;1;2;1
35;363;2;3;1
18;583;0;0;1
27;659;1;2;0
61;670;1;3;0
19;590;1;2;1
54;416;0;2;1
35;798;2;3;0
57;840;1;3;0
49;615;2;3;1
46;338;2;2;0
29;464;2;0;1
64;699;0;1;0
42;430;2;0;1
43;736;0;0;1
68;583;2;3;0
50;727;0;3;0
32;693;0;0;1
21;780;2;3;0
31;810;0;0;0
27;765;0;3;1
29;580;0;2;1
54;451;1;0;1
38;548;1;1;0
52;330;0;2;1
64;479;0;0;1
51;822;1;3;0
66;763;1;1;0
60;642;2;1;0
41;598;0;1;1
57;397;1;1;1
48;427;1;0;1
60;762;0;3;0
28;357;1;1;1
20;639;1;0;1
20;718;2;1;1
31;681;2;0;1
18;754;1;2;1
47;736;2;2;1
65;667;0;3;0
27;307;2;2;1
22;831;0;2;1
30;831;1;3;0
47;614;2;3;0
25;437;2;3;0
29;607;2;3;1
32;784;1;3;1
31;641;1;2;1
26;632;0;1;1
63;322;1;0;0
22;528;0;3;1
43;323;0;3;0
47;717;0;2;0
33;811;2;1;0
44;632;2;2;0
65;479;0;2;0
38;449;0;0;0
64;439;1;1;1
24;671;1;3;0
40;598;1;1;0
22;745;1;0;1
65;472;0;1;1
67;744;2;3;0
68;468;2;2;0
18;422;0;0;1
49;640;0;2;1
66;410;1;1;0
32;567;2;0;1
21;390;2;3;1
26;311;1;1;1
58;715;2;2;0
61;597;2;3;0
42;824;2;3;0
30;752;2;1;1
47;313;2;2;1
48;637;1;1;1
63;849;2;2;0
64;306;1;0;1
23;814;0;3;0
35;771;2;2;0
28;706;0;0;1
68;830;2;2;0
19;398;0;2;1
22;499;0;1;1
59;360;2;1;1
50;497;0;0;0
41;565;1;2;0
41;516;0;2;1
61;475;1;3;0
38;671;0;0;0
24;416;2;2;1
48;308;2;2;1
41;316;0;2;1
60;465;1;2;0
28;404;1;0;1
31;809;0;0;1
44;685;1;2;1
56;841;1;3;0
57;591;2;3;0
64;722;2;0;0
59;814;2;0;0
24;610;0;1;1
24;546;0;0;1
66;533;1;2;1
62;838;1;1;0
29;601;1;1;1
57;504;0;2;0
25;619;0;0;1
43;429;2;1;0
45;516;2;0;1
68;538;1;1;0
25;665;1;1;1
69;460;0;2;1
37;494;2;0;1
25;791;0;2;1
61;326;2;2;0
59;448;0;0;0
58;799;0;0;0
53;821;0;2;0
69;763;0;3;0
19;349;2;0;1
40;667;2;1;1
53;788;2;2;1
38;374;2;0;1
69;829;1;0;0
57;643;2;3;0
51;646;0;2;0
64;796;2;3;0
36;803;2;2;0
26;585;1;2;1
40;610;2;0;0
32;795;1;0;1
48;627;2;2;0
46;539;0;3;1
48;469;0;0;1
67;414;2;1;0
42;411;1;0;1
25;354;2;3;1
51;720;0;2;0
57;783;1;1;1
44;396;1;3;0
24;577;1;2;0
45;809;0;3;0
55;657;0;2;1
30;442;2;1;1
64;536;2;2;0
27;657;1;1;1
44;369;0;0;1
18;832;0;2;0
33;398;1;3;0
27;573;1;1;1
68;597;2;2;0
50;504;2;1;0
54;426;0;2;1
67;616;0;1;0
63;840;2;1;0
20;425;1;1;1
33;732;0;1;1
68;790;0;0;0
24;328;2;3;1
30;696;0;1;1
26;596;1;0;1
67;425;0;3;1
37;731;0;0;1
68;679;0;3;0
63;706;0;0;0
56;386;2;1;1
54;443;2;1;0
22;325;0;0;1
44;842;1;1;0
27;513;0;1;1
26;833;2;2;0
49;482;0;1;1
33;374;0;1;1
57;826;2;1;1
44;480;1;0;1
43;827;0;3;1
37;376;1;2;1
34;434;1;3;0
61;364;2;3;0
48;395;1;2;1
31;822;1;2;1
55;394;0;2;0
61;328;1;0;1
41;612;0;0;1
37;841;2;1;0
66;774;0;1;0
32;345;0;2;1
24;503;0;1;1
25;578;0;0;1
42;319;1;3;0
54;656;0;2;1
29;581;0;0;1
64;641;2;0;0
40;458;2;2;0
24;588;1;1;0
53;318;1;3;1
64;667;2;2;0
42;416;2;3;1
42;815;0;2;1
54;668;2;3;1
30;809;1;2;1
56;689;2;0;0
30;432;0;1;1
29;689;0;1;1
56;675;1;3;0
62;564;2;2;0
45;618;1;2;1
22;351;1;1;1
69;729;2;2;0
62;371;2;1;1
62;624;1;0;1
21;635;0;3;0
60;833;2;3;0
51;591;2;0;1
59;567;2;3;0
54;397;1;2;0
52;749;2;1;0
28;768;2;0;1
67;771;1;2;1
39;841;2;2;0
68;715;0;2;0
39;672;0;0;0
29;356;0;2;1
46;533;2;0;0
57;316;2;2;0
47;370;1;2;1
48;302;0;0;1
29;328;2;0;1
58;471;2;1;0
42;658;0;0;1
59;353;2;0;0
46;416;1;0;1
46;590;0;3;0
50;748;1;2;0
35;506;2;0;1
29;725;2;3;0
27;390;0;3;1
63;486;0;0;0
43;470;1;2;1
65;457;0;1;1
64;691;0;2;1
38;727;2;0;0
49;411;2;2;1
62;321;1;3;0
25;796;0;0;1
32;743;1;2;0
34;829;2;0;1
64;559;2;1;0
47;510;2;1;1
30;734;2;2;1
55;561;2;1;0
66;547;1;1;0
22;721;0;1;1
56;586;2;1;1
20;431;2;1;1
61;478;2;1;0
19;780;1;2;1
42;607;0;1;1
53;421;1;3;0
27;363;1;3;1
58;809;2;1;0
25;496;1;3;1
47;486;2;1;1
48;350;0;1;1
58;417;0;0;1
21;441;0;0;1
33;564;1;1;0
69;845;2;0;0
32;804;1;0;1
59;300;1;2;1
32;603;0;2;1
54;502;2;0;1
47;474;1;2;0
23;393;1;3;0
47;719;1;1;1
27;441;2;3;1
49;584;1;3;0
42;544;0;1;0
53;474;2;0;1
28;437;0;3;0
68;690;2;3;0
59;823;1;2;0
28;302;1;0;1
29;422;2;3;1
30;403;0;2;1
56;830;1;1;1
40;360;2;0;1
65;753;1;2;0
68;352;1;0;1
59;389;1;1;1
25;839;0;0;1
52;302;0;0;1
34;483;1;1;0
55;806;2;2;0
23;704;1;0;1
38;456;1;2;1
66;690;2;3;0
25;538;2;3;0
25;454;1;0;1
46;707;2;3;0
19;343;2;2;1
52;639;1;1;0
56;693;2;3;0
27;648;1;0;0
26;829;0;1;1
64;593;2;3;0
28;459;1;0;1
54;361;1;2;0
35;665;0;1;0
25;619;0;2;1
37;463;0;3;1
30;757;2;2;0
44;608;2;2;1
45;807;0;0;1
56;734;0;3;0
42;658;2;1;1
37;392;0;0;0
37;476;0;3;1
50;700;1;2;1
58;451;0;3;1
47;798;1;3;0
35;464;0;2;1
34;565;2;2;0
38;387;0;0;1
20;642;1;0;1
53;460;1;2;1
57;550;2;1;0
67;511;2;2;0
52;548;2;0;1
59;631;2;1;0
20;799;1;3;1
38;801;0;2;0
44;523;0;2;1
37;539;1;3;0
55;758;2;3;0
61;609;2;2;0
44;571;0;2;1
59;365;2;2;1
27;829;0;0;1
66;406;0;3;0
45;420;2;2;0
62;540;1;3;0
28;615;2;3;0
67;433;0;3;0
45;418;1;3;1
19;778;2;0;1
30;743;1;0;1
23;370;2;1;1
66;309;0;2;0
50;333;0;3;0
61;387;2;1;1
44;785;0;2;0
41;315;0;3;1
27;618;2;1;0
29;665;2;0;1
44;338;1;3;1
61;546;0;2;1
38;828;2;1;0
26;378;1;0;1
52;655;0;2;1
52;539;0;2;0
48;559;0;3;0
55;641;0;1;1
30;361;2;3;0
61;336;0;2;1
29;727;1;0;0
57;570;2;0;1
63;579;2;2;0
26;520;0;3;0
34;442;0;2;1
26;846;2;0;1
50;722;1;1;0
61;726;0;2;0
39;644;2;1;0
36;803;1;1;0
62;441;1;3;0
35;686;2;1;0
32;737;0;2;1
63;668;1;1;0
22;355;2;0;1
48;747;0;1;1
19;413;2;1;1
18;726;1;3;0
51;487;0;1;0
40;817;1;3;0
66;754;2;0;1
65;421;1;0;1
61;345;1;2;1
24;793;1;0;0
55;752;1;3;0
33;822;2;1;0
36;509;1;0;1
31;735;2;1;0
33;738;0;2;1
49;749;2;3;0
67;539;2;3;0
58;737;0;0;1
54;662;0;1;1
55;425;1;3;1
38;354;2;1;1
47;315;0;0;1
44;553;0;1;0
37;842;1;3;0
50;770;0;0;0
66;312;0;3;0
58;679;2;2;0
28;732;2;0;0
32;539;1;2;1
58;329;0;0;1
18;641;1;0;1
55;599;0;2;1
38;308;1;3;0
27;415;1;2;1
66;371;2;0;1
19;793;2;2;0